country,city,update_time_utc,jams_delay,traffic_index_live,jams_lenght_kms,jams_count,traffic_index_week_ago,update_time_utc_week_ago,travel_time_live_per_10_kms_mins,travel_time_historic_per_10_kms_mins,mins_delay,year
POL,warsaw,2024-11-22 02:01:30.000,0.0,0.0,0.0,0.0,0.0,2024-11-15 02:01:30.000,12.156257340032251,11.96192191783699,0.1943354221952624,2024
NLD,amsterdam,2024-11-29 14:46:30.000,303.3,43.0,54.5,85.0,45.0,2024-11-22 14:46:30.000,14.890658708095696,14.172181455861262,0.7184772522344343,2024
SGP,singapore,2024-11-11 08:01:04.839,282.3,37.0,69.4,99.0,33.0,2024-11-04 08:31:02.708,16.919530585828532,16.50849249328759,0.4110380925409416,2024
FIN,tampere,2024-12-18 17:01:00.000,0.0,23.0,0.0,0.0,18.0,2024-12-11 17:01:30.000,13.343070440832705,12.330906713268854,1.0121637275638484,2024
USA,new-haven,2024-12-13 08:01:30.000,0.0,0.0,0.0,0.0,0.0,2024-12-06 08:01:30.000,7.727984570317784,7.945328553569321,-0.2173439832515367,2024
USA,denver,2024-12-31 01:01:00.000,92.0,21.0,28.3,40.0,31.0,2024-12-24 01:01:00.000,12.245917000253492,12.50212656827512,-0.2562095680216281,2024
CAN,kitchener-waterloo,2024-11-12 17:16:00.000,5.0,17.0,0.3,2.0,15.0,2024-11-05 17:16:30.000,14.095338308712366,13.723113792766233,0.372224515946133,2024
CHE,zurich,2024-11-24 23:01:30.000,0.0,2.0,0.0,0.0,0.0,2024-11-17 23:01:30.000,12.022028582223587,11.713532984063036,0.3084955981605528,2024
NLD,den-bosch,2024-11-02 23:46:30.000,1.2,4.0,0.0,1.0,6.0,2024-10-26 23:01:30.000,8.81933637436968,8.424441777100041,0.3948945972696389,2024
GBR,manchester,2024-12-10 05:01:30.000,2.1,0.0,0.1,1.0,0.0,2024-12-03 05:01:30.000,10.057393878964778,9.7403390521613,0.3170548268034778,2024
ITA,genoa,2024-12-22 02:01:30.000,0.0,0.0,0.0,0.0,0.0,2024-12-15 02:01:30.000,14.842794332994904,14.79444379965771,0.048350533337194,2024
ITA,bari,2024-11-10 00:01:30.001,0.0,2.0,0.0,0.0,5.0,2024-11-03 00:01:30.000,12.424646286295683,12.116001477220738,0.3086448090749449,2024
GBR,sheffield,2024-12-04 13:01:01.913,113.2,30.0,13.9,32.0,34.0,2024-11-27 13:16:11.336,16.471369876233894,15.661864357584696,0.8095055186491962,2024
ESP,barcelona,2024-12-01 22:01:30.000,10.9,4.0,1.7,4.0,4.0,2024-11-24 22:01:30.001,17.203564976893528,16.91133118172772,0.2922337951658065,2024
USA,new-orleans,2024-11-29 18:30:42.270,61.9,19.0,8.4,17.0,30.0,2024-11-22 18:45:36.464,13.460678999093387,13.82536581866752,-0.3646868195741302,2024
GBR,nottingham,2024-10-28 14:31:13.829,22.4,31.0,1.8,7.0,31.0,2024-10-21 14:45:51.046,16.85087439500588,15.811384932152796,1.0394894628530853,2024
NZL,wellington,2024-12-30 10:01:30.000,0.0,3.0,0.0,0.0,3.0,2024-12-23 10:01:30.000,14.360053121917314,13.804561352796108,0.5554917691212076,2024
DEU,hamburg,2025-01-12 09:46:00.000,5.6,11.0,0.2,3.0,8.0,2025-01-05 09:46:00.000,13.388622898917236,13.266308910696225,0.1223139882210109,2025
ITA,catania,2024-10-11 13:01:00.000,63.1,29.0,15.9,16.0,30.0,2024-10-04 13:01:00.000,15.516831870403111,14.147934733575164,1.3688971368279486,2024
ITA,trieste,2024-11-03 06:46:30.001,0.0,7.0,0.0,0.0,9.0,2024-10-27 06:46:30.001,12.285878665870698,11.813223070149268,0.4726555957214309,2024
USA,albany,2024-10-14 14:31:00.919,14.9,11.0,2.1,4.0,12.0,2024-10-07 14:00:56.690,10.028352791669422,9.465415397707044,0.562937393962379,2024
ITA,cagliari,2025-01-03 02:01:30.000,0.0,0.0,0.0,0.0,0.0,2024-12-27 02:01:30.000,10.986906208361123,11.018084246483795,-0.03117803812267,2025
BRA,rio-de-janeiro,2024-12-15 21:01:09.388,348.9,30.0,78.1,97.0,20.0,2024-12-08 21:46:09.462,18.027940831908463,16.438619831421597,1.5893210004868656,2024
USA,boise,2024-11-14 00:31:00.000,144.0,51.0,34.2,43.0,61.0,2024-11-07 00:46:00.000,16.215918227339984,15.32076000786522,0.895158219474764,2024
EGY,cairo,2024-11-19 12:46:30.000,811.6,15.0,101.3,203.0,18.0,2024-11-12 12:46:30.000,15.573623141972648,15.35659111352932,0.2170320284433256,2024
DEU,frankfurt-am-main,2024-11-23 15:01:09.247,172.9,37.0,16.6,41.0,42.0,2024-11-16 15:00:53.427,15.772025317412185,14.45173933886733,1.3202859785448524,2024
NOR,trondheim,2024-11-02 22:46:30.000,0.6,11.0,0.8,1.0,4.0,2024-10-26 22:01:30.000,15.476427413372525,14.379841539756091,1.0965858736164336,2024
USA,akron,2024-11-05 07:01:30.000,5.3,0.0,1.3,1.0,0.0,2024-10-29 07:01:30.000,8.123136878048761,8.21567413224198,-0.0925372541932194,2024
FRA,reims,2024-10-18 17:00:39.197,25.9,29.0,1.8,5.0,37.0,2024-10-11 17:01:10.144,13.853192330773911,13.27121665759119,0.5819756731827237,2024
USA,buffalo,2025-01-04 19:00:38.736,22.5,9.0,1.4,5.0,10.0,2024-12-28 19:01:04.496,11.915537228265926,12.183973180498258,-0.2684359522323323,2025
FRA,le-mans,2025-01-04 04:16:30.000,0.0,2.0,0.0,0.0,1.0,2024-12-28 04:31:30.000,10.304083830350976,10.184006934772842,0.1200768955781335,2025
DEU,aachen,2024-11-28 05:46:08.074,0.0,10.0,0.0,0.0,13.0,2024-11-21 05:46:13.178,10.96231223442298,10.701220406171224,0.2610918282517556,2024
BRA,salvador,2024-11-12 05:01:30.001,1.5,0.0,0.0,1.0,0.0,2024-11-05 05:01:30.001,11.995092599339984,12.409720043087768,-0.4146274437477828,2024
GBR,birmingham,2024-11-09 17:46:04.069,1521.1,46.0,158.0,288.0,42.0,2024-11-02 17:31:01.851,17.007857465229524,14.26839624918162,2.7394612160479035,2024
KWT,kuwait-city,2024-11-21 15:01:30.001,644.1,44.0,144.4,184.0,43.0,2024-11-14 15:01:00.000,13.192348072167436,11.11422697705523,2.078121095112208,2024
SAU,mecca,2024-10-23 06:01:30.001,26.5,0.0,3.3,9.0,0.0,2024-10-16 06:01:30.000,9.727025651796051,10.164589109521952,-0.4375634577259006,2024
USA,albany,2024-12-26 21:45:49.334,29.1,15.0,3.1,4.0,35.0,2024-12-19 21:45:25.732,10.693056902364695,11.731009762944778,-1.0379528605800823,2024
USA,charlotte,2025-01-02 06:01:30.001,0.0,0.0,0.0,0.0,0.0,2024-12-26 06:01:30.001,8.154370613636667,8.274930543488228,-0.1205599298515611,2025
FRA,marseille,2024-12-19 23:01:30.000,0.0,3.0,0.0,0.0,2.0,2024-12-12 23:01:00.000,14.888208334200849,14.922293241481386,-0.0340849072805387,2024
CAN,quebec,2024-11-12 05:01:30.000,0.0,1.0,0.0,0.0,0.0,2024-11-05 05:01:30.000,11.038190198748827,10.827624722290338,0.2105654764584894,2024
AUT,graz,2024-12-03 01:01:30.000,0.0,0.0,0.0,0.0,0.0,2024-11-26 01:01:30.000,10.420639751078536,10.451258990805382,-0.0306192397268461,2024
AUS,canberra,2024-11-28 04:46:00.000,45.2,24.0,5.3,15.0,24.0,2024-11-21 04:46:00.000,13.522724199741942,13.059143584578791,0.4635806151631509,2024
FIN,turku,2024-11-23 07:01:30.001,3.4,10.0,0.3,1.0,8.0,2024-11-16 07:46:30.000,13.468409097445283,12.66826838949888,0.8001407079464045,2024
ARE,dubai,2025-01-04 06:46:30.000,644.8,18.0,89.1,196.0,19.0,2024-12-28 06:46:30.001,11.048331175794608,11.045296901876968,0.0030342739176401,2025
ESP,cartagena,2024-10-16 14:01:00.001,0.0,11.0,0.0,0.0,11.0,2024-10-09 14:01:00.000,13.014563114939705,12.668305244664657,0.3462578702750463,2024
CAN,halifax,2024-10-10 10:46:30.000,229.3,57.0,35.4,30.0,56.0,2024-10-03 10:46:30.001,19.146189539389454,15.662709595615125,3.483479943774329,2024
ITA,florence,2024-10-04 19:01:30.000,22.0,22.0,1.2,5.0,16.0,2024-09-27 19:01:30.000,15.275548278940889,14.172026391909894,1.103521887030995,2024
CAN,winnipeg,2024-10-07 12:46:00.000,122.0,23.0,23.6,28.0,4.0,2024-09-30 12:46:00.000,14.827883101328966,13.675867399692168,1.152015701636799,2024
USA,cape-coral-fort-myers,2024-10-28 04:01:30.001,0.0,0.0,0.0,0.0,0.0,2024-10-21 04:01:30.001,8.817808613627534,8.705570327191129,0.1122382864364048,2024
FRA,reims,2024-12-04 16:45:24.665,164.5,48.0,27.0,58.0,52.0,2024-11-27 16:45:16.524,16.30813130039418,14.336043893048776,1.9720874073454056,2024
PRT,porto,2024-10-20 12:01:30.000,19.2,10.0,3.1,9.0,18.0,2024-10-13 12:01:30.001,12.798554258191198,12.987145149522002,-0.1885908913308043,2024
NLD,amsterdam,2024-10-02 17:01:30.000,28.5,34.0,3.7,14.0,25.0,2024-09-25 17:01:30.000,14.30786779426459,12.96539788744174,1.3424699068228492,2024
GBR,sheffield,2024-10-11 07:46:05.998,287.4,50.0,44.6,85.0,51.0,2024-10-04 07:45:41.980,19.03439399402262,16.133528669041382,2.900865324981236,2024
USA,new-haven,2024-10-23 03:01:30.000,0.0,2.0,0.0,0.0,2.0,2024-10-16 03:01:30.000,9.986206378284276,9.853436893287862,0.1327694849964142,2024
CHE,bern,2024-12-19 17:01:30.000,75.3,55.0,7.5,17.0,50.0,2024-12-12 17:01:30.000,18.035743274249647,16.51434227293452,1.521401001315127,2024
IRL,limerick,2024-12-26 09:16:30.000,0.0,2.0,0.0,0.0,59.0,2024-12-19 09:01:30.000,11.58622804390564,11.131079574629428,0.455148469276212,2024
CHE,geneva,2024-11-24 19:01:30.000,11.1,18.0,1.0,3.0,13.0,2024-11-17 19:01:30.000,18.851040993959888,17.723803113797253,1.1272378801626353,2024
TUR,mersin,2024-11-14 04:31:00.523,7.3,15.0,1.5,2.0,19.0,2024-11-07 04:46:00.000,14.473859285379987,13.967603590639094,0.5062556947408954,2024
FRA,strasbourg,2024-12-13 18:01:13.934,70.9,39.0,9.8,25.0,60.0,2024-12-06 18:00:17.153,18.767615861900136,17.68777524763906,1.0798406142610766,2024
FRA,montpellier,2024-10-18 19:01:00.000,8.3,17.0,0.6,3.0,18.0,2024-10-11 19:01:00.001,14.509418750995188,14.12296861751564,0.3864501334795491,2024
CAN,halifax,2024-12-23 23:31:00.000,40.0,24.0,6.9,11.0,23.0,2024-12-16 23:01:00.000,16.40749594896892,14.487410403640222,1.920085545328696,2024
AUS,canberra,2025-01-05 18:01:30.000,0.0,0.0,0.0,0.0,0.0,2024-12-29 18:01:30.000,9.600024016372563,9.5446012410646,0.0554227753079636,2025
FRA,toulon,2025-01-07 23:01:30.001,9.3,0.0,0.8,2.0,1.0,2024-12-31 23:46:30.000,14.453098826403952,14.707299601560868,-0.2542007751569155,2025
GBR,liverpool,2025-01-06 18:01:00.000,67.9,35.0,6.9,19.0,23.0,2024-12-30 18:01:00.001,17.241968851612974,16.305310628179747,0.936658223433227,2025
ESP,cartagena,2024-10-28 00:01:30.000,0.0,0.0,0.0,0.0,0.0,2024-10-21 00:01:30.000,12.084330372922896,12.1676214616438,-0.0832910887209035,2024
PRT,lisbon,2024-10-29 20:01:30.001,144.6,43.0,22.3,40.0,23.0,2024-10-22 20:01:30.000,21.252673187249297,19.199151611798783,2.0535215754505103,2024
AUS,newcastle,2024-11-23 18:01:30.000,0.0,0.0,0.0,0.0,0.0,2024-11-16 18:01:30.000,10.271924430919665,10.203627600350902,0.0682968305687623,2024
USA,st-louis,2024-10-16 05:01:30.000,4.7,1.0,0.3,2.0,2.0,2024-10-09 05:01:30.000,8.67384689317125,8.66650650554797,0.0073403876232802,2024
ESP,murcia,2024-11-10 23:01:00.000,5.7,1.0,0.3,2.0,0.0,2024-11-03 23:01:30.001,12.93473093637654,12.31740786571742,0.6173230706591184,2024
ESP,pamplona,2024-10-15 08:01:00.000,2.8,18.0,0.2,1.0,17.0,2024-10-08 08:01:00.000,14.58373503544153,14.13176118505062,0.4519738503909085,2024
AUT,linz,2024-10-06 08:16:30.001,8.1,6.0,1.8,3.0,6.0,2024-09-29 08:46:30.000,10.091058235539162,9.843120843137132,0.2479373924020294,2024
LUX,luxembourg,2024-12-26 19:01:30.000,0.0,9.0,0.0,0.0,24.0,2024-12-19 19:01:30.001,11.950865802730164,11.718417051192668,0.2324487515374969,2024
FRA,rouen,2025-01-01 20:46:30.001,0.0,6.0,0.0,0.0,6.0,2024-12-25 20:01:00.000,13.83574161319357,13.481466445518777,0.3542751676747926,2025
POL,lodz,2024-12-09 03:01:30.001,3.2,0.0,0.1,1.0,0.0,2024-12-02 03:01:30.000,13.200130811893874,13.298491456519228,-0.0983606446253535,2024
USA,colorado-springs,2024-12-08 05:01:30.000,0.0,3.0,0.0,0.0,2.0,2024-12-01 05:01:30.001,10.579182487186948,10.714969569733215,-0.1357870825462672,2024
USA,detroit,2024-12-23 20:31:08.742,427.0,30.0,88.0,144.0,31.0,2024-12-16 20:46:00.000,12.865410235471398,11.521166480074376,1.344243755397022,2024
CHE,lausanne,2024-11-19 20:46:30.001,19.9,18.0,2.9,2.0,8.0,2024-11-12 20:01:30.000,15.450171641787476,13.723285312620575,1.7268863291669003,2024
POL,gdansk-gdynia-sopot,2024-11-19 08:01:30.000,193.3,51.0,39.0,47.0,63.0,2024-11-12 08:01:30.000,18.420161431131103,16.629597460969542,1.7905639701615603,2024
USA,greenville,2024-10-21 20:45:51.201,202.9,38.0,55.4,56.0,34.0,2024-10-14 20:45:55.770,13.263095393365289,11.946086284668256,1.3170091086970324,2024
USA,syracuse,2024-10-15 15:00:34.553,63.1,17.0,13.7,11.0,10.0,2024-10-08 15:31:16.267,11.011472897567248,10.38014426157208,0.6313286359951675,2024
AUS,gold-coast,2024-11-03 06:01:00.001,11.1,18.0,4.5,5.0,23.0,2024-10-27 06:46:00.000,13.47261674835232,13.284685335080038,0.1879314132722811,2024
DEU,bremen,2024-11-29 23:01:00.000,0.0,5.0,0.0,0.0,5.0,2024-11-22 23:01:30.000,10.92853043896174,10.477784207865191,0.4507462310965486,2024
ESP,zaragoza,2024-11-12 11:31:00.000,19.1,22.0,1.3,5.0,20.0,2024-11-05 11:01:00.000,15.037448174318977,14.310054363234585,0.72739381108439,2024
SAU,dammam,2024-10-18 14:31:00.000,203.1,18.0,25.0,64.0,19.0,2024-10-11 14:31:00.000,11.635004471180086,11.492990902626994,0.1420135685530912,2024
CAN,edmonton,2024-11-06 15:16:00.000,133.5,27.0,25.7,45.0,29.0,2024-10-30 15:01:00.000,14.278931589549336,13.485368224177158,0.7935633653721794,2024
NLD,utrecht,2024-12-21 22:01:30.000,0.0,3.0,0.0,0.0,3.0,2024-12-14 22:01:30.000,8.723008358156855,8.754434459885665,-0.0314261017288099,2024
SAU,dammam,2024-10-19 12:46:00.000,100.6,10.0,13.2,26.0,10.0,2024-10-12 12:46:00.000,10.751126367480904,10.759691115025236,-0.0085647475443302,2024
ESP,madrid,2024-12-02 01:01:30.001,13.1,0.0,2.3,4.0,0.0,2024-11-25 01:01:30.000,12.938827375462484,12.634873569058705,0.3039538064037792,2024
GBR,preston,2024-12-08 07:01:30.001,0.0,0.0,0.0,0.0,2.0,2024-12-01 07:31:30.001,9.494188156431647,9.290074794460002,0.2041133619716451,2024
LUX,luxembourg,2024-10-09 05:46:30.000,190.8,57.0,45.1,44.0,48.0,2024-10-02 05:46:30.000,17.509360973565343,15.086662907503053,2.4226980660622903,2024
FRA,nice,2024-12-26 22:01:00.000,3.8,1.0,0.4,1.0,7.0,2024-12-19 22:16:30.001,15.07608691672864,15.665689592573797,-0.5896026758451569,2024
NLD,the-hague,2025-01-12 17:01:30.000,18.7,24.0,1.4,5.0,19.0,2025-01-05 17:01:30.000,14.767367844012186,14.435224748358122,0.3321430956540645,2025
GBR,london,2024-10-07 14:45:59.151,4729.0,49.0,651.1,1177.0,50.0,2024-09-30 14:46:03.731,20.1974359350826,18.474462625503246,1.7229733095793556,2024
CZE,brno,2024-10-08 21:01:30.001,0.0,6.0,0.0,0.0,1.0,2024-10-01 21:01:30.001,11.18813515691092,10.715868375212612,0.4722667816983055,2024
GBR,bristol,2024-10-20 11:31:00.000,292.3,50.0,41.0,65.0,30.0,2024-10-13 11:46:11.211,19.482945189191533,16.14870088143743,3.3342443077541013,2024
USA,tulsa,2024-12-03 00:01:15.253,73.0,31.0,18.5,21.0,24.0,2024-11-26 00:00:48.363,12.24915005665368,10.76239465347901,1.486755403174671,2024
DEU,augsburg,2024-11-30 18:01:11.167,24.1,29.0,1.9,5.0,21.0,2024-11-23 18:01:12.666,14.600056181516052,13.307893833935855,1.2921623475801969,2024
JPN,sapporo,2024-11-30 11:01:00.000,46.4,18.0,4.7,12.0,20.0,2024-11-23 11:16:00.000,21.049825162651388,21.72019033445061,-0.6703651717992223,2024
FRA,lille,2024-12-18 10:31:00.442,63.3,21.0,8.0,24.0,21.0,2024-12-11 10:16:02.448,14.524640344615667,14.072753990368923,0.4518863542467457,2024
NZL,tauranga,2025-01-01 10:01:30.000,2.8,5.0,0.2,1.0,2.0,2024-12-25 10:01:30.001,12.6883974618735,12.139521534435396,0.5488759274381056,2025
ESP,madrid,2024-11-12 06:46:00.001,1305.9,41.0,399.4,323.0,44.0,2024-11-05 06:46:00.001,13.676118402244107,12.03200581033424,1.6441125919098685,2024
USA,chicago,2025-01-03 20:46:00.000,691.2,30.0,220.9,194.0,42.0,2024-12-27 20:46:00.001,15.180422637276225,16.13074927591628,-0.9503266386400568,2025
GBR,london,2024-11-09 16:01:04.854,2642.2,42.0,338.6,675.0,43.0,2024-11-02 16:46:01.817,19.730421623077525,18.408892702785305,1.32152892029222,2024
CHE,lugano,2024-10-09 17:01:30.000,31.9,51.0,6.2,12.0,56.0,2024-10-02 17:01:30.000,18.88352951007577,16.2590323536117,2.62449715646407,2024
AUS,melbourne,2024-10-22 23:01:04.347,547.7,41.0,106.8,162.0,40.0,2024-10-15 23:01:00.000,16.915699174950895,15.390379147569142,1.5253200273817529,2024
USA,philadelphia,2024-12-08 18:00:34.562,24.2,14.0,3.2,10.0,18.0,2024-12-01 18:00:58.161,10.972821019726986,10.758218608746052,0.2146024109809339,2024
CHE,geneva,2024-11-15 13:16:30.000,112.9,42.0,14.4,31.0,41.0,2024-11-08 13:46:30.000,21.936220828173653,20.27846174479513,1.6577590833785223,2024
JPN,sapporo,2024-10-24 01:01:10.072,129.5,32.0,17.1,40.0,31.0,2024-10-17 01:01:10.631,22.972371321885426,23.250182173907184,-0.2778108520217621,2024
IND,bangalore,2024-11-04 13:16:30.000,1621.5,65.0,198.2,376.0,71.0,2024-10-28 13:16:30.000,35.66543327585981,31.72982489245385,3.93560838340596,2024
GBR,southampton,2025-01-02 23:01:30.001,4.4,3.0,0.2,1.0,3.0,2024-12-26 23:01:30.000,11.539740960917506,11.300252504889404,0.2394884560281003,2025
NLD,tilburg,2024-11-30 01:01:30.000,0.0,0.0,0.0,0.0,0.0,2024-11-23 01:01:30.000,10.194080607898371,9.916114496892003,0.2779661110063696,2024
BEL,namur,2024-10-11 12:46:30.001,8.4,26.0,1.9,3.0,23.0,2024-10-04 12:46:30.000,12.184233389676288,11.801611891175751,0.3826214985005354,2024
POL,krakow,2024-11-09 03:01:30.000,4.0,0.0,0.3,1.0,0.0,2024-11-02 03:01:30.000,12.71200657785415,12.4464210622409,0.2655855156132496,2024
POL,katowice-urban-area,2024-12-30 08:46:30.000,12.2,10.0,3.1,6.0,13.0,2024-12-23 08:46:30.000,10.420548337504822,11.034795839614638,-0.6142475021098157,2024
ZAF,bloemfontein,2024-10-09 15:01:30.001,19.7,22.0,3.7,8.0,23.0,2024-10-02 15:01:30.000,16.445375653610732,15.737755529427009,0.707620124183725,2024
SAU,jeddah,2024-10-17 23:01:30.001,71.1,13.0,10.6,20.0,15.0,2024-10-10 23:01:30.000,11.473517888434523,11.77057689375857,-0.297059005324046,2024
FRA,toulouse,2024-12-28 12:01:11.858,28.9,12.0,2.6,12.0,20.0,2024-12-21 12:01:00.001,12.242044168436983,12.4166182476065,-0.1745740791695151,2024
FRA,paris,2024-11-12 05:46:00.000,595.8,21.0,246.6,138.0,20.0,2024-11-05 05:46:30.000,13.798431178784572,13.224660695658557,0.5737704831260171,2024
USA,baton-rouge,2025-01-08 20:46:02.639,85.5,21.0,12.1,22.0,4.0,2025-01-01 20:46:00.000,12.76680614193081,13.100560841226333,-0.3337546992955236,2025
ESP,cordoba,2025-01-02 23:01:30.000,0.0,0.0,0.0,0.0,0.0,2024-12-26 23:01:30.000,14.548368176954815,14.680008965238736,-0.1316407882839207,2025
DEU,ruhr-region-east,2024-12-18 05:46:00.000,9.3,9.0,1.7,5.0,13.0,2024-12-11 05:46:00.000,9.491801409047532,9.666295349555297,-0.1744939405077641,2024
CZE,prague,2025-01-01 15:46:30.000,31.5,14.0,3.6,8.0,15.0,2024-12-25 15:46:30.000,13.3423158924252,13.907650616206466,-0.5653347237812643,2025
NOR,stavanger,2024-10-29 15:01:00.001,92.9,64.0,21.3,21.0,25.0,2024-10-22 15:01:00.001,20.32448735183541,16.790910590865778,3.5335767609696376,2024
USA,charlotte,2024-12-30 06:01:30.000,3.1,0.0,0.2,1.0,0.0,2024-12-23 06:01:30.000,8.17379668461498,8.25730103562254,-0.0835043510075603,2024
DNK,odense,2025-01-08 09:01:30.001,3.5,16.0,0.3,2.0,3.0,2025-01-01 09:46:30.001,12.852431065336011,12.74835863783043,0.1040724275055833,2025
DEU,hannover,2024-11-12 18:01:16.493,49.7,29.0,8.2,15.0,28.0,2024-11-05 18:01:18.028,13.129258457219263,11.948951054931046,1.1803074022882178,2024
DEU,dusseldorf,2024-10-05 04:01:00.000,4.9,2.0,0.3,2.0,1.0,2024-09-28 04:01:30.000,8.915754415614881,8.588361466781672,0.327392948833209,2024
USA,colorado-springs,2025-01-07 12:46:30.000,0.7,21.0,3.3,1.0,0.0,2024-12-31 12:01:30.001,11.47262653148594,9.406013053346577,2.066613478139365,2025
CHE,lausanne,2024-10-26 00:16:30.000,0.0,3.0,0.0,0.0,2.0,2024-10-19 00:01:30.000,14.394427340471472,13.836071933204298,0.5583554072671735,2024
IRL,dublin,2025-01-03 18:01:30.000,86.4,42.0,11.2,35.0,28.0,2024-12-27 18:01:30.000,18.419667601877524,19.89417093412747,-1.4745033322499452,2025
BEL,antwerp,2024-10-04 15:01:30.000,621.1,69.0,122.8,135.0,100.0,2024-09-27 15:31:30.000,18.42730817392556,17.12875251188703,1.298555662038524,2024
ITA,verona,2024-11-05 14:46:30.000,24.2,23.0,3.9,9.0,27.0,2024-10-29 14:46:30.000,12.242733153553706,12.056287243201387,0.186445910352317,2024
DEU,bremen,2024-10-28 00:01:30.000,4.6,0.0,1.6,3.0,0.0,2024-10-21 00:01:30.000,7.843613963583321,7.754513770644992,0.0891001929383286,2024
QAT,doha,2024-11-05 12:46:00.000,104.0,21.0,11.8,35.0,20.0,2024-10-29 12:01:00.000,12.569156945908407,12.12580791795942,0.4433490279489884,2024
USA,knoxville,2025-01-01 10:01:00.001,0.0,0.0,0.0,0.0,0.0,2024-12-25 10:01:30.000,7.50712124520243,7.648465663224265,-0.141344418021835,2025
POL,bielsko-biala,2024-10-05 05:01:30.000,3.7,3.0,0.2,1.0,2.0,2024-09-28 05:31:30.001,9.56958883678883,9.410109739422513,0.1594790973663169,2024
GBR,manchester,2025-01-02 07:46:30.000,19.3,13.0,1.4,7.0,1.0,2024-12-26 07:46:30.000,12.424323506275549,14.93583173451227,-2.511508228236723,2025
ITA,taranto,2024-11-02 10:31:00.001,33.8,30.0,6.2,12.0,35.0,2024-10-26 10:31:30.001,14.914040570154048,14.626336951956764,0.2877036181972823,2024
CHE,lausanne,2024-12-28 15:31:30.000,5.4,15.0,0.6,2.0,30.0,2024-12-21 15:01:30.000,12.64916807658324,13.389348516581572,-0.7401804399983334,2024
ESP,valladolid,2024-10-09 05:46:00.000,33.0,14.0,5.7,9.0,14.0,2024-10-02 05:46:00.000,14.35769644591115,13.644779781506385,0.7129166644047675,2024
ITA,brescia,2024-12-15 14:46:00.001,18.6,12.0,1.5,4.0,10.0,2024-12-08 14:46:30.001,9.85935741091876,9.528668190076596,0.3306892208421654,2024
USA,virginia-beach,2024-10-11 14:46:00.000,47.9,14.0,17.0,15.0,12.0,2024-10-04 14:01:00.001,11.304305623448682,11.022433234283891,0.2818723891647892,2024
USA,el-paso,2024-12-17 14:46:30.000,3.3,7.0,0.3,1.0,6.0,2024-12-10 14:46:00.000,11.467841457071277,11.634230785038586,-0.1663893279673107,2024
ESP,a-coruna,2024-10-15 12:31:00.000,16.6,24.0,2.6,6.0,27.0,2024-10-08 12:31:00.000,17.56262213742629,16.578271040008044,0.9843510974182444,2024
FRA,rennes,2024-11-02 02:01:30.001,0.0,0.0,0.0,0.0,0.0,2024-10-26 02:01:30.000,12.366713428635132,12.180958231747889,0.1857551968872446,2024
USA,dayton,2024-12-14 17:31:30.000,9.9,14.0,1.5,4.0,11.0,2024-12-07 17:16:30.001,10.73889050332789,10.281962819608506,0.4569276837193836,2024
USA,las-vegas,2024-12-02 20:31:00.000,117.2,20.0,22.5,41.0,22.0,2024-11-25 20:46:00.000,13.451794880433953,12.749103341312711,0.702691539121238,2024
FRA,dijon,2024-10-18 08:01:13.826,13.2,23.0,1.1,4.0,19.0,2024-10-11 08:01:00.000,13.048209839461194,12.41913845448992,0.6290713849712741,2024
ITA,messina,2024-10-25 11:31:30.001,63.3,54.0,8.5,16.0,56.0,2024-10-18 11:31:30.000,21.714211752926712,20.14894443159725,1.5652673213294577,2024
AUT,vienna,2024-12-15 18:01:00.000,20.1,20.0,2.0,6.0,20.0,2024-12-08 18:01:00.000,17.29934726318755,16.581682670280284,0.7176645929072656,2024
CAN,kitchener-waterloo,2024-12-25 09:01:30.000,0.0,0.0,0.0,0.0,0.0,2024-12-18 09:01:30.000,11.81884045327816,11.904590651170713,-0.0857501978925494,2024
SVN,ljubljana,2024-10-11 07:01:01.642,7.9,24.0,0.7,3.0,26.0,2024-10-04 07:01:00.000,12.649499547723265,12.270163911219248,0.379335636504015,2024
ARE,dubai,2024-12-01 21:01:30.000,772.4,21.0,64.5,151.0,9.0,2024-11-24 21:01:30.000,10.985678210568906,9.84364310410536,1.1420351064635454,2024
ESP,san-sebastian,2024-11-05 05:01:30.000,0.0,0.0,0.0,0.0,0.0,2024-10-29 05:01:30.001,8.294754226215549,8.613667377814272,-0.3189131515987231,2024
ESP,vitoria-gasteiz,2024-12-10 05:46:30.000,0.0,1.0,0.0,0.0,2.0,2024-12-03 05:46:30.000,11.581041531082096,11.52521100473554,0.0558305263465559,2024
GBR,hull,2024-12-29 08:46:30.000,0.0,2.0,0.0,0.0,4.0,2024-12-22 08:46:30.000,12.514735572884582,12.418658600108191,0.096076972776391,2024
USA,richmond,2024-10-21 05:01:30.000,2.8,0.0,0.2,1.0,0.0,2024-10-14 05:01:30.000,7.994447793399776,8.026014861889259,-0.0315670684894824,2024
TUR,ankara,2024-12-16 04:46:00.000,696.5,33.0,119.4,175.0,31.0,2024-12-09 04:46:00.000,15.794576366836948,14.16923514344158,1.6253412233953686,2024
ESP,pamplona,2024-12-23 09:46:00.000,36.4,25.0,4.9,13.0,20.0,2024-12-16 09:01:00.000,15.761388050888051,14.349663677979358,1.4117243729086937,2024
ITA,palermo,2024-10-23 14:46:00.000,122.1,54.0,20.3,33.0,55.0,2024-10-16 14:46:30.000,20.74431977587516,20.227557077154025,0.5167626987211378,2024
GBR,bristol,2024-12-08 04:01:30.001,2.4,0.0,0.3,1.0,1.0,2024-12-01 04:01:30.000,14.555428211642884,13.985620243777673,0.569807967865211,2024
CHE,basel,2024-10-20 19:01:30.000,6.3,6.0,0.1,1.0,4.0,2024-10-13 19:01:30.000,11.702875121667947,11.539804524859488,0.1630705968084598,2024
GRC,thessaloniki,2024-12-11 22:01:30.000,4.6,0.0,2.6,3.0,2.0,2024-12-04 22:01:30.000,15.56480140996292,14.971296337574158,0.5935050723887638,2024
BEL,charleroi,2024-10-14 14:01:30.000,163.7,34.0,21.9,45.0,35.0,2024-10-07 14:46:30.000,11.954947731917091,10.788398653402496,1.1665490785145938,2024
USA,san-antonio,2024-11-11 13:45:51.183,174.9,14.0,49.4,57.0,39.0,2024-11-04 13:45:59.115,10.78527329105777,9.28684652778722,1.498426763270551,2024
NLD,groningen,2025-01-09 18:01:30.000,0.0,17.0,0.0,0.0,13.0,2025-01-02 18:01:30.000,12.653100760495333,12.652501473522385,0.0005992869729478,2025
USA,hartford,2024-10-05 04:01:30.000,2.3,2.0,0.4,1.0,1.0,2024-09-28 04:01:30.000,8.604624582643192,8.466627152318436,0.1379974303247557,2024
GRC,athens,2024-12-13 13:45:54.328,1695.3,88.0,232.0,392.0,69.0,2024-12-06 13:45:55.441,27.28952000296249,22.44446673516521,4.845053267797283,2024
ESP,vigo,2025-01-05 09:01:30.000,3.8,0.0,0.1,1.0,0.0,2024-12-29 09:01:30.000,12.116265133021033,12.231600527395544,-0.1153353943745116,2025
SAU,medina,2024-12-26 05:01:30.000,132.0,11.0,18.1,43.0,6.0,2024-12-19 05:01:30.001,12.511815707477034,11.801783168016543,0.7100325394604887,2024
LVA,riga,2024-10-13 14:46:30.000,21.8,12.0,2.7,8.0,15.0,2024-10-06 14:46:30.000,13.098625323863711,12.670745409450578,0.4278799144131326,2024
GBR,southampton,2025-01-10 06:46:30.000,11.3,7.0,5.3,5.0,4.0,2025-01-03 06:46:30.000,10.119442732461632,9.743886209858918,0.3755565226027144,2025
FIN,tampere,2024-12-17 17:01:30.000,2.6,26.0,0.5,1.0,16.0,2024-12-10 17:01:30.000,13.550841647400702,12.124329699550998,1.426511947849704,2024
HKG,hong-kong,2024-12-07 04:16:10.778,531.0,43.0,76.5,170.0,46.0,2024-11-30 04:16:12.488,19.3930872813165,19.70370546277849,-0.3106181814619937,2024
FRA,tours,2024-10-23 15:45:40.344,178.1,42.0,27.3,49.0,42.0,2024-10-16 15:45:37.540,15.86725471275116,14.665116900209403,1.202137812541757,2024
DEU,stuttgart,2024-11-22 15:45:37.085,197.2,48.0,30.6,54.0,43.0,2024-11-15 15:45:13.661,19.97648264232467,17.769113590200224,2.207369052124445,2024
POL,bielsko-biala,2024-11-07 05:31:30.000,19.2,11.0,4.9,7.0,24.0,2024-10-31 05:46:30.000,10.703049039300264,10.49553181466488,0.2075172246353851,2024
USA,greenville,2024-10-28 14:01:00.000,8.0,17.0,4.9,5.0,16.0,2024-10-21 14:01:17.674,10.847856253081387,10.334494578779315,0.5133616743020699,2024
DEU,wuppertal,2024-11-26 02:46:30.000,0.0,3.0,0.0,0.0,7.0,2024-11-19 02:16:30.000,7.27117827515095,6.995133245946991,0.2760450292039591,2024
PRT,braga,2024-11-10 16:01:30.000,21.2,18.0,4.8,9.0,15.0,2024-11-03 16:01:30.000,12.682628534926868,11.994763511084676,0.6878650238421908,2024
ESP,bilbao,2024-10-15 06:01:00.000,55.0,24.0,18.8,19.0,28.0,2024-10-08 06:16:00.001,12.822241765945533,11.820034861567647,1.002206904377882,2024
ITA,bologna,2024-11-26 23:01:30.000,5.1,9.0,1.6,1.0,6.0,2024-11-19 23:01:30.000,13.075049191241996,12.05765279036031,1.017396400881685,2024
NLD,groningen,2024-12-20 14:01:00.000,27.7,29.0,3.0,7.0,28.0,2024-12-13 14:01:30.000,13.471085376146776,13.301548154357858,0.1695372217889179,2024
FRA,brest,2025-01-06 23:01:30.001,0.0,2.0,0.0,0.0,0.0,2024-12-30 23:01:30.001,15.096489387846091,14.699771654230844,0.3967177336152492,2025
GBR,bournemouth,2024-12-20 08:31:03.034,146.2,41.0,20.6,38.0,52.0,2024-12-13 08:30:50.392,18.52256970808956,17.344430490740933,1.178139217348626,2024
FIN,helsinki,2024-10-25 23:01:30.000,7.6,1.0,0.4,2.0,1.0,2024-10-18 23:01:30.001,13.033745779174106,12.783734870138376,0.2500109090357298,2024
DNK,odense,2024-12-26 03:01:30.001,0.0,0.0,0.0,0.0,0.0,2024-12-19 03:01:30.000,12.857560432060772,12.84201269636478,0.0155477356959909,2024
USA,honolulu,2025-01-05 00:01:30.000,39.5,19.0,6.8,15.0,19.0,2024-12-29 00:01:30.000,14.373710626803572,14.659886345990913,-0.2861757191873391,2025
DEU,bremen,2024-10-20 04:01:30.000,0.0,0.0,0.0,0.0,0.0,2024-10-13 04:01:30.000,9.049056178278564,9.013972223932896,0.0350839543456693,2024
CAN,toronto,2024-11-23 22:31:00.000,1214.7,47.0,316.7,331.0,43.0,2024-11-16 22:46:00.000,17.266859654441646,15.072187660451869,2.194671993989779,2024
USA,new-york,2024-11-03 23:00:15.004,2377.9,40.0,458.2,569.0,39.0,2024-10-27 23:00:45.770,19.73693874668815,17.74491678196587,1.99202196472228,2024
USA,san-francisco,2024-10-27 13:01:30.001,4.0,0.0,0.2,1.0,0.0,2024-10-20 13:01:30.001,9.23547515998133,9.1139353954022,0.1215397645791291,2024
ARE,abu-dhabi,2024-12-07 06:46:30.000,100.4,11.0,13.0,28.0,12.0,2024-11-30 06:46:30.000,9.557697265253038,9.599212231769435,-0.0415149665163969,2024
TUR,antalya,2024-11-20 08:01:30.001,77.8,19.0,9.4,25.0,20.0,2024-11-13 08:01:00.000,17.587926781854257,16.897804823387116,0.6901219584671416,2024
POL,krakow,2024-10-13 17:01:30.000,35.5,37.0,17.6,13.0,24.0,2024-10-06 17:01:30.000,17.914778414714164,15.893899002078246,2.0208794126359173,2024
ITA,verona,2024-10-13 09:31:30.000,22.8,18.0,9.3,5.0,16.0,2024-10-06 09:46:30.000,11.313263713945169,10.759466246404497,0.553797467540674,2024
SGP,singapore,2024-11-11 15:01:30.000,92.9,15.0,9.0,29.0,15.0,2024-11-04 15:01:30.000,13.671432375706331,13.90932403786171,-0.2378916621553788,2024
FRA,tours,2024-10-04 23:01:30.000,0.0,2.0,0.0,0.0,2.0,2024-09-27 23:01:30.000,12.679855316732915,12.30443301759533,0.3754222991375879,2024
DEU,kassel,2024-12-09 23:01:30.000,0.0,2.0,0.0,0.0,2.0,2024-12-02 23:01:30.000,13.294743782774209,12.751366468620988,0.5433773141532203,2024
BEL,bruges,2024-12-10 20:01:30.000,0.0,10.0,0.0,0.0,5.0,2024-12-03 20:01:30.000,10.6783144621525,10.044360529975764,0.6339539321767358,2024
ESP,seville,2024-10-18 17:46:00.000,42.1,28.0,10.0,16.0,22.0,2024-10-11 17:46:00.000,16.983021931567436,15.87255986821993,1.110462063347505,2024
ITA,livorno,2024-10-01 17:01:00.001,84.5,58.0,9.7,14.0,37.0,2024-09-24 17:01:00.000,20.41864492046406,16.762954307128112,3.655690613335949,2024
USA,seattle,2024-11-11 22:46:07.026,181.4,32.0,70.3,63.0,29.0,2024-11-04 22:46:00.000,14.254787940809656,12.909952735211602,1.344835205598054,2024
NLD,groningen,2024-10-12 12:31:30.000,12.5,22.0,1.3,4.0,21.0,2024-10-05 12:31:30.000,12.90779508868553,13.029030893724071,-0.1212358050385429,2024
AUS,sydney,2024-12-23 09:46:30.000,141.8,17.0,18.8,40.0,15.0,2024-12-16 09:01:30.000,16.56124109944899,15.230916022843214,1.3303250766057744,2024
FRA,paris,2024-10-02 21:01:30.000,344.5,13.0,44.7,92.0,16.0,2024-09-25 21:01:30.000,17.027498789053602,15.704617445465075,1.3228813435885272,2024
FIN,helsinki,2025-01-12 04:01:30.001,0.0,0.0,0.0,0.0,0.0,2025-01-05 04:01:30.001,11.943243133531707,11.289108657823483,0.6541344757082239,2025
USA,san-diego,2024-12-24 21:01:00.000,164.6,23.0,30.9,59.0,25.0,2024-12-17 21:31:00.000,11.567447892877237,11.198162097992256,0.3692857948849806,2024
USA,orlando,2024-12-13 15:01:00.000,76.8,21.0,14.0,29.0,21.0,2024-12-06 15:01:00.000,11.807862707396096,11.118715761822882,0.6891469455732135,2024
ITA,parma,2024-12-15 14:01:30.000,0.0,5.0,0.0,0.0,5.0,2024-12-08 14:31:30.001,10.537074397758804,10.369793463057151,0.1672809347016528,2024
ESP,seville,2024-11-02 13:01:00.000,126.1,26.0,11.6,38.0,16.0,2024-10-26 13:01:00.000,16.991081009832595,15.602135931510796,1.3889450783217985,2024
ITA,taranto,2024-10-14 18:01:30.000,2.3,27.0,0.2,1.0,25.0,2024-10-07 18:01:30.000,16.596329473838612,16.273046590956653,0.3232828828819585,2024
ESP,valladolid,2024-10-07 21:01:30.001,0.0,1.0,0.0,0.0,3.0,2024-09-30 21:01:30.000,13.19906723125852,12.94704773895146,0.252019492307058,2024
IRL,dublin,2024-10-10 09:01:30.000,414.5,62.0,68.3,107.0,55.0,2024-10-03 09:01:30.000,19.950714230981955,17.60108114560675,2.3496330853752063,2024
CHE,lausanne,2024-10-09 09:46:30.000,36.1,28.0,3.5,10.0,28.0,2024-10-02 09:46:30.000,14.83676398730196,14.122817190789416,0.7139467965125448,2024
AUS,sydney,2024-10-10 20:01:30.001,156.4,23.0,45.0,49.0,22.0,2024-10-03 20:46:30.001,15.491868300976291,14.782623200885588,0.7092451000907047,2024
ZAF,durban,2024-10-11 12:46:30.000,417.2,31.0,73.2,123.0,33.0,2024-10-04 12:46:30.001,15.616468599396656,14.799344718736094,0.8171238806605619,2024
FRA,rennes,2024-10-10 07:01:06.172,313.9,77.0,79.4,83.0,72.0,2024-10-03 07:01:02.030,19.416037534091444,16.124370128103987,3.2916674059874573,2024
USA,cincinnati,2024-11-14 20:16:30.000,295.4,28.0,78.5,84.0,29.0,2024-11-07 20:46:00.000,12.467411602846491,11.555096961706012,0.9123146411404796,2024
ITA,taranto,2024-12-08 06:01:30.000,0.0,0.0,0.0,0.0,0.0,2024-12-01 06:01:30.000,9.9543492922527,10.06235149044825,-0.1080021981955496,2024
CAN,hamilton,2024-11-11 14:01:30.000,40.4,18.0,3.1,12.0,38.0,2024-11-04 14:01:30.000,12.291095041605578,12.104397278549245,0.1866977630563351,2024
BRA,fortaleza,2024-12-13 23:00:52.518,92.3,29.0,11.3,31.0,28.0,2024-12-06 23:00:20.529,22.27351648539789,21.75627042970423,0.5172460556936649,2024
QAT,doha,2024-11-28 06:01:30.000,50.0,19.0,5.9,25.0,19.0,2024-11-21 06:01:30.000,12.47711200542129,12.089463087532348,0.3876489178889422,2024
ITA,catania,2024-10-23 21:01:30.001,0.8,1.0,0.1,1.0,1.0,2024-10-16 21:01:30.000,13.56386444325892,13.366995723538036,0.196868719720884,2024
USA,dallas-fort-worth,2024-12-01 22:01:00.568,245.7,12.0,99.6,103.0,13.0,2024-11-24 22:00:49.186,10.202927266974402,9.855874570284865,0.3470526966895377,2024
FRA,saint-etienne,2024-10-19 00:01:30.000,0.0,0.0,0.0,0.0,0.0,2024-10-12 00:01:30.000,12.000288717115572,11.696963901289276,0.3033248158262971,2024
DEU,bonn,2024-10-28 15:45:43.728,153.4,61.0,31.8,32.0,39.0,2024-10-21 15:00:37.256,17.783559352940358,15.468162431192678,2.3153969217476806,2024
DEU,wiesbaden,2024-12-16 09:01:11.008,15.1,32.0,1.9,6.0,30.0,2024-12-09 09:01:01.407,15.214413624128769,13.848980867353347,1.3654327567754194,2024
USA,fresno,2024-10-01 13:46:30.000,22.3,12.0,9.0,3.0,4.0,2024-09-24 13:46:30.000,10.025319250455553,9.345368575348427,0.6799506751071256,2024
SAU,medina,2024-12-05 23:01:30.000,18.3,3.0,2.1,8.0,4.0,2024-11-28 23:01:30.000,11.250194900290143,12.042003097809683,-0.7918081975195381,2024
USA,kansas-city,2024-12-05 06:01:30.000,9.0,0.0,1.4,2.0,0.0,2024-11-28 06:01:30.000,7.753285437148179,7.8535058831004,-0.1002204459522211,2024
USA,portland,2024-11-30 04:01:30.001,0.0,7.0,0.0,0.0,9.0,2024-11-23 04:01:30.000,10.161939720877164,10.411068556803336,-0.2491288359261716,2024
USA,washington,2024-12-16 10:46:30.000,71.0,4.0,30.8,18.0,0.0,2024-12-09 10:01:30.000,9.333979271627657,8.722374484128611,0.6116047874990436,2024
GRC,athens,2024-10-27 20:31:00.001,40.0,7.0,3.3,11.0,10.0,2024-10-20 20:16:30.000,15.549748825940398,15.207860765426949,0.3418880605134493,2024
ESP,bilbao,2024-11-03 00:01:30.001,0.0,0.0,0.0,0.0,0.0,2024-10-27 00:01:30.001,11.119345997651482,11.307709769024918,-0.1883637713734351,2024
POL,gdansk-gdynia-sopot,2024-10-16 15:01:00.000,512.0,64.0,69.4,91.0,64.0,2024-10-09 15:01:00.001,20.223094208029583,18.19579387331482,2.0273003347147664,2024
ROU,bucharest,2024-11-29 18:01:30.000,407.0,66.0,55.7,105.0,37.0,2024-11-22 18:01:30.000,26.43882910061691,20.68007238924026,5.758756711376652,2024
USA,honolulu,2025-01-11 03:01:30.000,412.2,81.0,87.4,97.0,41.0,2025-01-04 03:01:30.000,22.05492896165704,18.32512843528598,3.7298005263710543,2025
ISL,reykjavik,2024-12-22 09:31:30.001,4.3,10.0,0.5,1.0,10.0,2024-12-15 09:46:30.000,12.857735812942346,11.782188003394335,1.075547809548011,2024
DEU,munster,2024-11-25 00:01:30.000,0.0,0.0,0.0,0.0,3.0,2024-11-18 00:46:30.000,8.050267515731692,8.145586251342596,-0.0953187356109044,2024
IRL,limerick,2024-10-21 20:01:30.001,0.0,19.0,0.0,0.0,18.0,2024-10-14 20:01:30.000,15.38871760509706,14.461607480700671,0.9271101243963892,2024
GBR,brighton-and-hove,2024-10-13 10:46:00.002,22.8,29.0,4.7,8.0,32.0,2024-10-06 10:46:00.000,16.944529856185934,16.622715731176857,0.3218141250090767,2024
HUN,budapest,2024-11-07 01:01:30.000,1.6,5.0,0.1,1.0,3.0,2024-10-31 01:16:00.001,9.51300744467954,8.99331604798679,0.5196913966927514,2024
TWN,tainan,2024-10-15 21:01:30.000,2.7,0.0,0.2,1.0,0.0,2024-10-08 21:01:30.000,12.248320308983573,11.442281187206769,0.8060391217768039,2024
USA,riverside,2024-10-03 04:01:30.000,11.5,8.0,2.9,4.0,8.0,2024-09-26 04:01:30.000,9.273125680086777,9.276014932769476,-0.0028892526826993,2024
ZAF,cape-town,2024-11-22 01:01:30.001,7.9,0.0,0.9,2.0,0.0,2024-11-15 01:01:30.000,12.17388500074726,12.236800724884198,-0.0629157241369373,2024
NZL,wellington,2024-11-05 07:01:30.000,1.0,14.0,0.2,1.0,15.0,2024-10-29 07:01:30.000,15.875977909182454,15.416535056536553,0.4594428526459033,2024
FRA,avignon,2024-11-14 04:16:30.000,0.0,2.0,0.0,0.0,0.0,2024-11-07 04:01:00.001,9.079341479629498,8.592027099559216,0.4873143800702824,2024
SGP,singapore,2024-12-02 22:46:30.000,73.6,13.0,12.5,27.0,13.0,2024-11-25 22:46:30.000,12.750213341703764,13.856839822349574,-1.1066264806458097,2024
QAT,doha,2024-10-21 10:16:00.000,293.5,24.0,32.3,99.0,27.0,2024-10-14 10:46:00.000,12.882677386072505,12.318291201344762,0.5643861847277414,2024
DEU,munich,2024-12-11 01:01:30.000,0.0,0.0,0.0,0.0,0.0,2024-12-04 01:01:30.000,12.548635869175076,12.227460576316387,0.3211752928586868,2024
ESP,santander,2024-10-29 00:01:30.000,0.0,0.0,0.0,0.0,0.0,2024-10-22 00:01:30.001,13.537348655264758,13.553944077888964,-0.0165954226242064,2024
SVN,ljubljana,2024-11-08 03:01:30.000,0.0,2.0,0.0,0.0,2.0,2024-11-01 03:46:30.000,8.365106123085983,8.0847656954404,0.2803404276455836,2024
CAN,montreal,2024-11-18 05:01:30.000,0.0,0.0,0.0,0.0,0.0,2024-11-11 05:01:30.001,11.636266672995522,11.641886753279572,-0.00562008028405,2024
JPN,kobe,2024-12-24 01:45:49.503,186.9,44.0,55.4,40.0,46.0,2024-12-17 01:16:00.001,18.529602392674505,17.705312275767643,0.8242901169068624,2024
TWN,taipei,2024-11-27 12:01:00.000,105.7,36.0,26.0,41.0,36.0,2024-11-20 12:01:00.001,23.32950669161564,21.40255196161671,1.9269547299989287,2024
USA,pittsburgh,2025-01-09 02:01:30.000,7.0,6.0,0.4,3.0,9.0,2025-01-02 02:01:30.000,11.37569667247405,11.46342983091102,-0.087733158436972,2025
POL,krakow,2024-11-20 13:46:30.000,243.2,53.0,30.1,71.0,57.0,2024-11-13 13:46:30.000,20.559691768155204,19.98147102242264,0.5782207457325619,2024
IRL,cork,2025-01-02 18:01:30.000,33.4,32.0,5.0,11.0,12.0,2024-12-26 18:01:30.000,15.063457357801614,17.656850236092406,-2.5933928782907927,2025
ITA,palermo,2024-12-30 15:46:00.000,195.6,57.0,30.2,50.0,84.0,2024-12-23 15:46:00.000,21.17488535111157,19.958282856646253,1.216602494465313,2024
USA,worcester,2024-11-11 04:01:30.000,4.9,1.0,0.2,1.0,0.0,2024-11-04 04:01:00.000,8.443710006904524,8.37335828319818,0.0703517237063451,2024
NLD,den-bosch,2024-12-30 05:01:30.000,0.0,0.0,0.0,0.0,0.0,2024-12-23 05:01:30.000,6.339286730149423,6.584932598374161,-0.245645868224738,2024
ESP,vitoria-gasteiz,2024-10-24 02:01:30.001,10.3,23.0,0.6,3.0,0.0,2024-10-17 02:01:30.001,10.194813268886737,8.478790349955625,1.7160229189311114,2024
PRT,coimbra,2024-10-26 14:16:30.000,2.5,12.0,0.2,1.0,12.0,2024-10-19 14:46:30.000,12.671596236543692,12.452587510150634,0.2190087263930582,2024
JPN,sapporo,2025-01-05 06:16:11.527,193.5,46.0,27.3,61.0,49.0,2024-12-29 06:01:17.541,24.922459736099512,22.867684058841306,2.054775677258206,2025
SGP,singapore,2024-11-20 01:01:00.000,721.0,61.0,222.3,240.0,62.0,2024-11-13 01:01:00.000,19.96806900510258,19.08026565324334,0.8878033518592403,2024
USA,san-antonio,2024-10-17 21:45:13.856,953.0,43.0,290.6,279.0,43.0,2024-10-10 21:45:31.516,13.855267276555647,12.743363064666845,1.1119042118888045,2024
NLD,rotterdam,2024-11-04 13:46:30.000,89.4,23.0,13.0,28.0,22.0,2024-10-28 13:31:30.000,12.03803485517393,11.780494278697445,0.2575405764764866,2024
GBR,birmingham,2024-10-30 23:01:30.000,37.6,11.0,6.9,12.0,3.0,2024-10-23 23:01:30.001,12.714097835442308,11.642344975266475,1.0717528601758328,2024
SAU,riyadh,2024-12-13 15:46:00.000,1519.0,37.0,280.9,326.0,40.0,2024-12-06 15:46:00.001,14.387893250143382,13.31560922125848,1.0722840288849014,2024
ESP,gijon,2024-12-27 06:46:30.001,0.0,3.0,0.0,0.0,7.0,2024-12-20 06:46:00.000,13.496166732986604,13.903187742067365,-0.4070210090807613,2024
ITA,brescia,2025-01-08 01:01:30.001,0.0,0.0,0.0,0.0,2.0,2025-01-01 01:01:30.001,6.654309916744477,6.885609441647008,-0.2312995249025311,2025
QAT,doha,2024-12-29 20:01:30.000,63.5,17.0,6.3,28.0,15.0,2024-12-22 20:01:30.000,12.262908684568565,12.056357918268109,0.206550766300456,2024
CHE,basel,2025-01-03 18:01:30.000,2.0,22.0,3.7,1.0,23.0,2024-12-27 18:01:30.000,13.6375235703391,14.392711200845234,-0.7551876305061338,2025
BEL,leuven,2024-11-27 01:01:30.000,0.0,0.0,0.0,0.0,0.0,2024-11-20 01:01:30.000,7.963463263610226,7.893669256938386,0.0697940066718398,2024
ESP,vitoria-gasteiz,2025-01-12 02:01:30.000,0.0,0.0,0.0,0.0,0.0,2025-01-05 02:01:30.000,13.686922659540162,13.703709811206082,-0.0167871516659197,2025
USA,greensboro-high-point,2024-10-19 19:00:50.582,146.5,16.0,25.7,37.0,9.0,2024-10-12 19:00:35.981,9.255669109166352,8.605529460646189,0.6501396485201631,2024
AUS,newcastle,2024-12-05 19:46:30.000,2.6,9.0,0.2,1.0,9.0,2024-11-28 19:46:30.001,11.680624136080755,11.411418866896,0.2692052691847539,2024
USA,san-antonio,2025-01-05 11:01:30.000,3.4,0.0,0.4,1.0,0.0,2024-12-29 11:01:30.000,7.73951064272806,7.8740272844548915,-0.1345166417268313,2025
USA,bakersfield,2024-10-09 12:01:30.001,0.0,0.0,0.0,0.0,0.0,2024-10-02 12:01:30.000,7.798495412458346,8.028895163565354,-0.2303997511070079,2024
CAN,halifax,2024-11-08 03:01:30.000,0.0,3.0,0.0,0.0,9.0,2024-11-01 03:01:30.000,14.409459269236752,14.179039771205163,0.230419498031587,2024
NLD,tilburg,2024-12-12 17:01:30.000,16.4,41.0,4.6,6.0,37.0,2024-12-05 17:01:30.000,14.278101398429705,13.215872182438694,1.0622292159910105,2024
FRA,brest,2024-12-21 18:01:00.158,26.1,27.0,4.1,6.0,27.0,2024-12-14 18:01:00.885,16.374126279787728,15.35837505325713,1.0157512265305968,2024
USA,indianapolis,2024-11-21 01:01:00.000,15.3,8.0,2.9,6.0,13.0,2024-11-14 01:01:00.000,10.431421256159824,10.23735253202483,0.1940687241349916,2024
USA,greenville,2024-12-08 17:45:59.417,51.1,20.0,7.9,18.0,22.0,2024-12-01 17:46:04.399,11.56570829269742,10.93527588630241,0.6304324063950091,2024
USA,tampa,2024-10-18 17:30:36.318,249.8,36.0,61.3,83.0,37.0,2024-10-11 17:00:48.566,14.055795158614917,12.690756670326667,1.3650384882882474,2024
FRA,nantes,2024-12-29 00:01:30.000,0.0,1.0,0.0,0.0,4.0,2024-12-22 00:01:30.001,11.517482564296127,11.609973500531911,-0.0924909362357837,2024
ESP,valencia,2024-11-08 02:01:30.000,0.0,5.0,0.0,0.0,9.0,2024-11-01 02:16:30.000,14.50083804377427,13.417658233844058,1.0831798099302112,2024
TUR,istanbul,2024-12-04 14:45:55.873,5019.8,110.0,731.7,1219.0,111.0,2024-11-27 14:46:11.074,30.52611280508799,25.87265983458664,4.653452970501348,2024
IRL,cork,2024-11-14 16:46:30.000,332.8,75.0,47.8,84.0,81.0,2024-11-07 16:46:30.000,20.08959043610947,17.59241481149981,2.4971756246096604,2024
FRA,marseille,2024-10-22 02:01:30.000,0.0,0.0,0.0,0.0,0.0,2024-10-15 02:01:30.000,12.33788787717,12.08970796598152,0.2481799111884797,2024
USA,new-orleans,2024-12-30 08:01:30.000,2.9,0.0,0.2,1.0,0.0,2024-12-23 08:01:30.001,10.547103834621332,10.425195294109365,0.121908540511967,2024
ESP,palma-de-mallorca,2024-10-14 11:01:00.001,15.2,22.0,1.7,6.0,29.0,2024-10-07 11:31:00.001,14.448304912614532,14.504936728970964,-0.0566318163564325,2024
USA,st-louis,2025-01-08 21:46:00.001,346.0,33.0,86.5,98.0,6.0,2025-01-01 21:16:00.001,12.154123219908712,10.784822346936004,1.3693008729727063,2025
AUS,perth,2025-01-12 23:01:00.001,125.2,18.0,37.1,27.0,18.0,2025-01-05 23:46:00.000,12.438123806227674,11.936688359940971,0.5014354462867008,2025
ESP,alicante,2024-12-10 16:46:00.000,140.6,41.0,17.7,24.0,30.0,2024-12-03 16:31:00.001,20.28378722346836,17.314394028699663,2.969393194768699,2024
MEX,mexico-city,2024-11-14 11:46:30.000,505.8,6.0,119.4,101.0,7.0,2024-11-07 11:46:30.001,15.985248951607154,15.063277809261631,0.921971142345523,2024
COL,bogota,2024-11-24 13:31:30.000,167.0,8.0,34.5,43.0,11.0,2024-11-17 13:46:30.000,19.357619324249843,19.04465733844884,0.3129619858010066,2024
USA,baltimore,2024-10-18 15:46:00.000,84.6,17.0,30.8,26.0,16.0,2024-10-11 15:46:00.000,11.616294170027604,11.19889702279943,0.4173971472281739,2024
BEL,bruges,2024-11-10 16:46:30.000,4.3,12.0,0.1,1.0,23.0,2024-11-03 16:46:30.001,9.919123130832766,10.089786204825998,-0.1706630739932322,2024
NLD,breda,2024-11-26 00:01:30.001,1.2,0.0,0.0,1.0,1.0,2024-11-19 00:46:30.000,6.851180611968695,6.868129074452341,-0.0169484624836462,2024
NZL,wellington,2024-12-24 21:46:30.000,0.0,6.0,0.0,0.0,25.0,2024-12-17 21:46:30.000,12.711810785536874,13.536408374746374,-0.8245975892094997,2024
CAN,toronto,2024-11-14 08:01:30.000,9.6,0.0,0.8,2.0,0.0,2024-11-07 08:01:30.000,10.507022602840312,10.301909173195284,0.2051134296450278,2024
CAN,kitchener-waterloo,2024-10-16 14:01:00.000,1.0,13.0,0.1,1.0,14.0,2024-10-09 14:01:00.000,12.8967737494089,12.648381270955957,0.2483924784529438,2024
CAN,vancouver,2025-01-10 05:01:30.000,14.8,13.0,1.4,6.0,12.0,2025-01-03 05:01:30.000,15.084424969634352,15.283846903203786,-0.1994219335694342,2025
BRA,salvador,2024-12-29 07:01:30.001,0.0,0.0,0.0,0.0,0.0,2024-12-22 07:01:30.001,13.15666874945885,12.563467099721722,0.5932016497371286,2024
BRA,recife,2025-01-07 08:01:30.000,0.0,0.0,0.0,0.0,0.0,2024-12-31 08:01:30.001,13.684132839420789,13.94286813678615,-0.2587352973653605,2025
POL,bydgoszcz,2024-12-25 11:01:30.000,2.4,4.0,0.5,1.0,34.0,2024-12-18 11:46:30.000,10.566161839525304,11.01077732705221,-0.4446154875269048,2024
POL,bielsko-biala,2024-12-18 16:01:30.000,56.9,47.0,12.5,17.0,43.0,2024-12-11 16:01:30.000,15.613556395753498,13.531121654821066,2.082434740932433,2024
CAN,london,2024-12-04 14:01:00.001,122.0,41.0,15.3,35.0,32.0,2024-11-27 14:01:00.000,17.539134762137966,15.161914770543126,2.37721999159484,2024
USA,greenville,2024-10-19 12:46:00.000,9.6,5.0,2.3,3.0,5.0,2024-10-12 12:46:00.001,9.437127087343155,9.197674504125162,0.239452583217993,2024
USA,columbia,2024-10-29 22:00:36.266,83.1,33.0,20.0,33.0,32.0,2024-10-22 22:00:42.902,11.811433221257555,10.826712604307282,0.9847206169502752,2024
USA,baton-rouge,2024-12-03 06:01:30.001,0.0,0.0,0.0,0.0,0.0,2024-11-26 06:01:30.000,9.571986183817954,9.656877972076217,-0.0848917882582629,2024
POL,wroclaw,2025-01-07 06:46:30.001,1042.1,83.0,104.2,191.0,16.0,2024-12-31 06:16:30.000,23.40353323947188,18.710896001116904,4.692637238354969,2025
USA,fresno,2025-01-08 13:01:30.000,0.0,0.0,0.0,0.0,0.0,2025-01-01 13:01:30.000,7.97075330688834,8.211173252846976,-0.240419945958636,2025
AUT,vienna,2024-10-04 10:46:00.000,388.9,52.0,75.7,105.0,61.0,2024-09-27 10:46:00.000,21.706495804713416,18.42599210391036,3.280503700803056,2024
FRA,nancy,2024-10-10 09:00:53.722,9.0,23.0,0.9,3.0,22.0,2024-10-03 09:01:00.000,15.517237165163545,14.94505985570061,0.5721773094629352,2024
NZL,auckland,2024-11-29 02:46:30.001,1291.7,88.0,215.0,294.0,88.0,2024-11-22 02:46:30.000,23.402229826710386,19.00605993368342,4.396169893026965,2024
USA,virginia-beach,2024-11-20 04:01:30.000,4.8,2.0,6.3,2.0,3.0,2024-11-13 04:01:30.000,9.8495917156743,9.859319515819765,-0.0097278001454625,2024
DEU,karlsruhe,2024-11-15 00:01:30.000,0.0,0.0,0.0,0.0,0.0,2024-11-08 00:01:30.000,7.373341488293378,7.423706818548931,-0.0503653302555529,2024
CAN,winnipeg,2025-01-10 17:46:00.000,15.7,20.0,1.3,5.0,20.0,2025-01-03 17:46:00.000,15.821674262089331,15.566380187071015,0.2552940750183161,2025
DEU,augsburg,2024-10-12 02:01:30.000,0.0,0.0,0.0,0.0,0.0,2024-10-05 02:01:30.000,10.864589500752745,10.769116212804452,0.0954732879482911,2024
USA,louisville,2024-12-13 20:01:00.000,54.4,25.0,8.0,15.0,24.0,2024-12-06 20:46:00.000,12.028618881312186,11.227211097376689,0.8014077839354972,2024
NLD,leiden,2024-10-12 08:31:30.000,12.6,21.0,1.9,5.0,20.0,2024-10-05 08:46:30.000,11.181854441261672,10.614454104693142,0.5674003365685305,2024
ITA,naples,2024-12-18 15:46:00.000,1490.6,70.0,249.6,345.0,58.0,2024-12-11 15:46:00.000,19.41016086081999,15.593157163588206,3.817003697231783,2024
GBR,cardiff,2024-12-17 07:46:06.030,105.7,30.0,31.0,26.0,29.0,2024-12-10 07:46:21.322,13.62487045328094,12.982306876545575,0.6425635767353626,2024
AUT,linz,2024-11-30 09:46:00.000,5.8,14.0,1.1,2.0,13.0,2024-11-23 09:46:30.000,11.41176818196258,11.153071843911327,0.2586963380512515,2024
ITA,taranto,2024-12-24 03:01:30.000,0.0,0.0,0.0,0.0,0.0,2024-12-17 03:01:30.000,12.67818904940337,12.72806349172195,-0.0498744423185808,2024
POL,poznan,2024-10-31 10:46:30.000,203.1,44.0,30.2,57.0,32.0,2024-10-24 10:46:30.000,17.435411899665525,15.2351134416189,2.2002984580466247,2024
ESP,seville,2024-11-20 03:01:30.000,15.5,5.0,2.4,3.0,6.0,2024-11-13 03:16:30.000,17.521109594044226,16.29378591787644,1.227323676167785,2024
ITA,reggio-emilia,2024-10-09 22:01:30.000,0.0,0.0,0.0,0.0,0.0,2024-10-02 22:01:30.000,10.130978054580575,10.237559036923567,-0.1065809823429919,2024
SAU,dammam,2024-10-29 04:31:30.001,227.8,26.0,55.1,64.0,33.0,2024-10-22 04:46:00.000,12.300828254469687,11.51191529213797,0.7889129623317164,2024
IND,pune,2024-10-21 15:31:30.000,92.5,34.0,8.1,27.0,34.0,2024-10-14 15:31:30.000,28.67991721936974,27.84359884066209,0.8363183787076558,2024
SVN,ljubljana,2024-11-19 04:01:00.000,0.0,0.0,0.0,0.0,1.0,2024-11-12 04:46:00.000,8.272421366924688,8.274878038634224,-0.0024566717095364,2024
FRA,paris,2024-11-22 16:45:55.674,2672.9,54.0,558.1,718.0,65.0,2024-11-15 16:45:50.286,21.34505891643905,22.114603247034573,-0.7695443305955223,2024
DNK,copenhagen,2024-11-13 06:46:00.000,365.4,44.0,107.2,94.0,43.0,2024-11-06 06:46:00.001,16.278579632210707,14.97153085547872,1.3070487767319872,2024
DEU,nuremberg,2024-11-08 06:00:52.492,7.0,17.0,0.4,2.0,0.0,2024-11-01 06:01:00.001,12.69203468069326,12.14247578363524,0.5495588970580201,2024
DEU,kassel,2024-10-31 08:01:16.487,45.5,42.0,4.5,9.0,34.0,2024-10-24 08:01:00.448,19.65741253845544,17.75710320502673,1.900309333428705,2024
POL,katowice-urban-area,2024-12-04 03:01:30.000,1.7,1.0,1.3,1.0,7.0,2024-11-27 03:01:30.000,8.05387978702708,8.013461756933578,0.0404180300935017,2024
POL,bielsko-biala,2024-11-19 20:01:30.000,0.0,5.0,0.0,0.0,7.0,2024-11-12 20:31:30.000,10.70242886491343,10.826862527306362,-0.1244336623929331,2024
NLD,amersfoort,2025-01-12 10:01:30.000,0.0,9.0,0.0,0.0,11.0,2025-01-05 10:46:30.001,8.869958557045745,8.969853244626755,-0.0998946875810098,2025
GRC,athens,2024-10-27 22:01:30.001,15.4,1.0,0.9,5.0,0.0,2024-10-20 22:01:30.000,14.961766705049492,14.510066497657842,0.4517002073916512,2024
TWN,taoyuan,2024-12-29 16:01:00.000,0.0,0.0,0.0,0.0,0.0,2024-12-22 16:01:30.000,11.605683309594026,11.084700750743677,0.5209825588503509,2024
NLD,apeldoorn,2024-11-18 23:01:30.000,0.0,0.0,0.0,0.0,0.0,2024-11-11 23:01:30.001,8.378844944793506,8.412343672160826,-0.0334987273673199,2024
BRA,recife,2024-11-10 10:01:30.000,7.2,0.0,0.4,2.0,0.0,2024-11-03 10:01:30.001,15.675707918109476,15.911490237038704,-0.2357823189292283,2024
USA,salt-lake-city,2024-11-03 19:46:00.001,9.8,8.0,1.1,4.0,9.0,2024-10-27 19:01:00.000,10.82231047098037,10.689818514964555,0.1324919560158122,2024
ITA,catania,2024-11-23 11:01:00.001,183.4,42.0,35.3,50.0,45.0,2024-11-16 11:01:30.001,17.70297788252376,16.584311708779673,1.1186661737440886,2024
NZL,wellington,2024-11-29 00:01:30.000,42.1,37.0,5.9,13.0,41.0,2024-11-22 00:31:30.000,17.669876849157852,16.083886044353267,1.5859908048045843,2024
SAU,dammam,2024-10-05 21:01:30.000,10.4,6.0,1.5,5.0,6.0,2024-09-28 21:01:30.000,10.26528893528398,10.59699925604246,-0.3317103207584804,2024
PRT,porto,2024-10-16 18:01:30.000,621.3,72.0,99.6,165.0,57.0,2024-10-09 18:01:30.000,20.466645406265208,18.248529491308425,2.218115914956784,2024
GBR,london,2024-12-23 09:46:00.000,706.5,20.0,89.5,195.0,61.0,2024-12-16 09:01:12.784,15.637899551319853,16.91822406895058,-1.280324517630728,2024
ITA,cagliari,2024-12-28 02:01:30.000,1.1,0.0,0.1,1.0,0.0,2024-12-21 02:01:30.000,11.59817080922316,11.61729530568662,-0.0191244964634602,2024
ESP,cadiz,2025-01-12 10:01:30.001,0.0,0.0,0.0,0.0,8.0,2025-01-05 10:01:30.000,11.040191414677947,11.429875333479725,-0.3896839188017775,2025
AUS,melbourne,2024-10-17 18:01:30.001,1.2,0.0,0.2,1.0,0.0,2024-10-10 18:01:30.001,9.929298370596625,9.912693002383174,0.016605368213451,2024
ITA,rome,2024-11-03 14:46:00.001,60.4,18.0,16.5,19.0,18.0,2024-10-27 14:46:30.000,13.274715990101278,12.6262294814449,0.6484865086563794,2024
NOR,oslo,2024-12-28 11:46:30.001,0.0,7.0,0.0,0.0,20.0,2024-12-21 11:46:00.000,13.135861933792688,14.188002957825718,-1.0521410240330304,2024
FIN,turku,2024-10-19 15:01:30.000,0.0,16.0,0.0,0.0,14.0,2024-10-12 15:01:30.001,14.25398677173956,13.99786188068605,0.2561248910535081,2024
CHE,geneva,2024-11-03 08:31:30.000,2.4,8.0,0.3,1.0,8.0,2024-10-27 08:46:30.001,16.04862838491775,15.288435807738631,0.7601925771791169,2024
MYS,kuala-lumpur,2024-12-07 16:01:00.001,417.6,22.0,67.1,107.0,20.0,2024-11-30 16:01:30.001,12.123208061015438,11.553074172344743,0.5701338886706946,2024
ESP,santander,2024-10-02 08:01:00.000,14.8,29.0,0.7,2.0,17.0,2024-09-25 08:01:00.000,16.46116064558296,14.755801793250004,1.7053588523329566,2024
POL,lodz,2024-12-08 22:01:30.001,0.0,7.0,0.0,0.0,8.0,2024-12-01 22:01:30.000,16.639193203895164,15.766831790092573,0.8723614138025919,2024
CAN,london,2024-11-17 22:16:00.000,30.8,26.0,5.4,13.0,24.0,2024-11-10 22:46:00.000,15.444028419096709,13.952845107050816,1.4911833120458926,2024
ARE,dubai,2024-11-04 22:01:30.000,68.8,8.0,5.3,20.0,8.0,2024-10-28 22:01:30.000,10.35240388736054,10.2825943371556,0.0698095502049405,2024
AUT,linz,2024-12-27 11:01:00.000,11.1,16.0,2.2,3.0,33.0,2024-12-20 11:31:00.000,11.705751605289128,12.18403005104476,-0.4782784457556346,2024
COL,bogota,2024-11-05 18:01:30.000,1117.1,45.0,148.0,251.0,53.0,2024-10-29 18:01:30.000,27.20037917294148,26.027436932919294,1.1729422400221878,2024
ESP,cordoba,2024-10-21 04:01:30.000,0.0,0.0,0.0,0.0,0.0,2024-10-14 04:01:30.000,9.004143650007837,9.06547468906574,-0.0613310390579027,2024
ZAF,johannesburg,2024-11-09 16:46:30.000,457.1,18.0,47.5,147.0,22.0,2024-11-02 16:01:30.000,14.460780837888208,14.260012808834537,0.2007680290536733,2024
GBR,newcastle-sunderland,2024-11-02 17:01:00.000,78.5,26.0,15.1,16.0,26.0,2024-10-26 17:01:00.000,14.350359010710886,13.358519227030197,0.9918397836806908,2024
EST,tallinn,2025-01-01 04:46:30.000,0.9,9.0,0.1,1.0,0.0,2024-12-25 04:01:30.000,15.782702784926911,13.936928244656988,1.8457745402699235,2025
DEU,augsburg,2025-01-10 03:01:30.001,0.0,1.0,0.0,0.0,0.0,2025-01-03 03:01:30.000,9.135088111509482,8.737154252753022,0.3979338587564598,2025
ITA,brescia,2024-12-01 05:01:30.001,0.7,0.0,0.2,1.0,0.0,2024-11-24 05:01:30.000,7.883007864037341,7.854489133523348,0.0285187305139933,2024
USA,houston,2024-11-05 13:46:01.420,2327.9,56.0,728.0,446.0,50.0,2024-10-29 13:15:56.512,14.545696814282058,9.161768595001464,5.383928219280593,2024
ESP,valladolid,2024-11-05 22:01:30.000,0.0,3.0,0.0,0.0,3.0,2024-10-29 22:01:30.000,13.882466247333046,13.417312586945483,0.4651536603875605,2024
USA,new-orleans,2024-12-22 16:31:00.001,28.8,9.0,2.2,10.0,22.0,2024-12-15 16:46:02.550,12.033182596389707,11.889487453446447,0.14369514294326,2024
ARG,buenos-aires,2024-12-14 05:01:30.000,25.8,0.0,3.9,8.0,1.0,2024-12-07 05:01:30.000,16.030040024507212,15.727191517374848,0.3028485071323636,2024
PRT,coimbra,2024-11-04 06:01:30.000,0.0,0.0,0.0,0.0,0.0,2024-10-28 06:01:30.000,8.557691996928176,8.472118659163748,0.0855733377644281,2024
DNK,aarhus,2024-10-24 14:31:00.000,61.1,50.0,7.6,21.0,32.0,2024-10-17 14:31:00.000,19.248743954395376,18.114173478181225,1.1345704762141544,2024
DEU,kassel,2024-10-09 11:45:52.664,77.9,56.0,10.4,19.0,64.0,2024-10-02 11:30:15.578,21.61646912320073,18.59151082903133,3.024958294169401,2024
FRA,toulouse,2024-11-26 22:01:30.000,4.5,3.0,0.4,1.0,3.0,2024-11-19 22:01:30.001,12.58969440543094,12.518710930044511,0.0709834753864271,2024
SGP,singapore,2024-12-11 16:01:30.000,62.8,10.0,5.6,18.0,11.0,2024-12-04 16:01:30.000,12.969195478147649,13.327012720080289,-0.35781724193264,2024
BRA,porto-alegre,2025-01-04 00:01:00.000,0.0,8.0,0.0,0.0,10.0,2024-12-28 00:01:00.000,15.004913613046671,16.022219782582898,-1.0173061695362249,2025
TUR,adana,2024-11-20 11:46:30.479,98.9,32.0,13.3,37.0,36.0,2024-11-13 11:46:00.000,17.924890309423795,16.852325288184108,1.0725650212396864,2024
NLD,den-bosch,2024-11-28 12:01:30.000,0.0,20.0,0.0,0.0,19.0,2024-11-21 12:46:30.000,9.632218062425911,9.41295304007811,0.2192650223478018,2024
USA,jacksonville,2024-11-12 11:46:00.000,79.7,10.0,26.3,22.0,9.0,2024-11-05 11:46:00.000,9.227140188061911,8.969043251331044,0.2580969367308672,2024
POL,bydgoszcz,2025-01-11 14:01:30.000,5.0,20.0,0.5,2.0,19.0,2025-01-04 14:01:30.001,14.109978282829395,13.767336583473456,0.3426416993559407,2025
CAN,winnipeg,2024-11-22 14:31:00.000,29.8,20.0,3.9,12.0,23.0,2024-11-15 14:31:00.001,15.101345037135625,14.844425579685074,0.2569194574505484,2024
IDN,jakarta,2024-11-29 04:31:30.000,3200.1,49.0,447.5,619.0,41.0,2024-11-22 04:31:30.000,21.107721374454247,18.2494442484062,2.858277126048048,2024
DEU,frankfurt-am-main,2025-01-10 07:46:00.000,3.3,16.0,0.4,1.0,11.0,2025-01-03 07:46:00.000,12.80768159603744,13.430246561174242,-0.6225649651368013,2025
USA,allentown,2024-10-02 09:01:30.001,0.0,0.0,0.0,0.0,0.0,2024-09-25 09:01:30.000,8.091703716419174,8.338628620123353,-0.2469249037041798,2024
GBR,preston,2024-12-26 10:46:00.000,0.0,2.0,0.0,0.0,20.0,2024-12-19 10:01:00.000,8.85044454892668,9.314169417853735,-0.4637248689270574,2024
ESP,madrid,2024-10-26 03:01:30.000,9.6,0.0,0.5,4.0,0.0,2024-10-19 03:01:30.000,12.422804331104269,11.986669602403529,0.4361347287007415,2024
NOR,bergen,2024-10-28 01:31:30.001,0.0,1.0,0.0,0.0,0.0,2024-10-21 01:01:30.000,13.655055415021772,13.76464493039859,-0.1095895153768182,2024
USA,little-rock,2024-10-06 01:01:00.000,16.5,8.0,3.3,5.0,6.0,2024-09-29 01:01:00.259,9.25195768864796,9.05692033716598,0.1950373514819823,2024
BRA,brasilia,2025-01-13 03:01:30.000,3.3,1.0,0.2,1.0,4.0,2025-01-06 03:31:30.000,12.07269977041593,11.890120284283176,0.1825794861327541,2025
AUS,hobart,2024-11-21 12:01:30.001,0.0,5.0,0.0,0.0,4.0,2024-11-14 12:01:30.000,13.455042314554554,12.985854299991583,0.4691880145629703,2024
FRA,tours,2024-10-02 16:16:02.353,209.6,50.0,31.3,57.0,55.0,2024-09-25 16:00:16.252,17.31131811270171,14.976482044352997,2.3348360683487144,2024
SWE,uppsala,2024-11-15 18:01:30.000,0.0,18.0,0.0,0.0,17.0,2024-11-08 18:01:30.000,16.452267573085734,15.72408940800033,0.7281781650854047,2024
DEU,kassel,2024-12-12 14:45:28.137,96.5,62.0,13.9,28.0,61.0,2024-12-05 14:45:50.395,22.502460813582115,20.98513351701762,1.5173272965644955,2024
CZE,prague,2024-11-04 15:46:00.000,693.3,68.0,105.9,154.0,23.0,2024-10-28 15:46:00.000,20.60351378542777,17.817501969475174,2.786011815952598,2024
USA,denver,2024-10-13 23:46:00.000,381.6,20.0,73.3,93.0,18.0,2024-10-06 23:46:00.000,11.695699114616833,10.816416552610557,0.8792825620062761,2024
ITA,palermo,2024-12-15 17:01:00.000,170.1,64.0,20.1,35.0,30.0,2024-12-08 17:16:30.000,21.83225098509136,18.05597377519598,3.776277209895376,2024
GBR,reading,2024-12-16 19:01:00.000,11.8,21.0,1.6,4.0,24.0,2024-12-09 19:01:00.001,14.254073498613282,13.587372808152836,0.6667006904604449,2024
ESP,santa-cruz-de-tenerife,2024-10-26 02:01:30.000,0.0,0.0,0.0,0.0,0.0,2024-10-19 02:01:30.000,12.060113462015371,11.8877412480959,0.1723722139194716,2024
USA,san-antonio,2024-10-18 02:46:00.001,109.6,7.0,21.1,22.0,9.0,2024-10-11 02:01:00.000,10.061612790500238,9.851421705692944,0.2101910848072954,2024
SWE,malmo,2024-10-15 22:01:30.000,0.0,0.0,0.0,0.0,0.0,2024-10-08 22:01:30.000,12.17390584556158,12.124203825089012,0.0497020204725675,2024
EST,tallinn,2024-10-04 02:01:30.001,0.0,0.0,0.0,0.0,0.0,2024-09-27 02:01:30.001,12.396857800585542,12.373725614632292,0.0231321859532496,2024
TUR,mersin,2024-11-07 23:01:30.000,1.0,0.0,2.9,1.0,0.0,2024-10-31 23:01:30.001,12.347917933962512,12.176783625891767,0.1711343080707426,2024
ESP,pamplona,2024-12-10 16:46:00.000,77.2,36.0,10.4,26.0,11.0,2024-12-03 16:46:00.000,17.105619468941775,15.269250458699858,1.836369010241917,2024
USA,bakersfield,2025-01-04 23:01:30.000,6.9,17.0,0.4,4.0,17.0,2024-12-28 23:16:30.000,11.748904625313594,11.688213757890484,0.0606908674231103,2025
AUS,sydney,2024-11-15 13:01:30.000,46.7,7.0,15.4,17.0,10.0,2024-11-08 13:01:30.000,14.831023971308763,13.990262918962822,0.8407610523459432,2024
PRT,lisbon,2024-12-08 22:01:30.000,9.1,3.0,0.7,5.0,3.0,2024-12-01 22:01:30.000,15.128915483713117,15.31876089253418,-0.1898454088210623,2024
ITA,parma,2025-01-01 02:01:30.000,0.0,1.0,0.0,0.0,0.0,2024-12-25 02:01:30.000,10.565717988146767,10.211127347666851,0.3545906404799162,2025
JPN,kobe,2024-11-30 17:01:30.000,4.0,3.0,0.3,1.0,4.0,2024-11-23 17:01:30.000,13.351303823586274,13.788237459089526,-0.4369336355032516,2024
ESP,zaragoza,2025-01-11 17:46:00.000,17.6,21.0,4.7,7.0,27.0,2025-01-04 17:46:00.000,15.287899014281772,14.234477840464848,1.0534211738169237,2025
GBR,southampton,2024-12-27 16:01:02.179,11.5,20.0,1.2,5.0,55.0,2024-12-20 16:31:17.834,12.68391604877233,14.963525465335,-2.279609416562669,2024
DNK,copenhagen,2024-11-16 01:01:30.000,13.5,4.0,0.8,5.0,4.0,2024-11-09 01:01:30.001,14.253762395810218,13.798429792854323,0.4553326029558935,2024
CHE,lugano,2024-12-24 23:01:30.000,0.0,1.0,0.0,0.0,0.0,2024-12-17 23:01:30.000,13.005203251599283,12.525753732507358,0.4794495190919257,2024
USA,omaha-council-bluffs,2024-11-12 20:01:00.001,22.6,13.0,2.9,8.0,14.0,2024-11-05 20:46:00.000,11.23306729860402,11.161222851864236,0.0718444467397851,2024
ITA,bologna,2024-11-28 10:01:30.000,19.9,28.0,2.0,7.0,33.0,2024-11-21 10:01:30.000,14.172887874437928,13.788366280192763,0.3845215942451645,2024
AUT,innsbruck,2025-01-05 15:31:30.000,2.2,9.0,0.4,1.0,12.0,2024-12-29 15:46:30.000,10.882120254101546,11.046610787862578,-0.1644905337610325,2025
FRA,avignon,2024-10-27 02:01:30.000,0.0,0.0,0.0,0.0,0.0,2024-10-20 02:01:30.000,10.575119683120649,10.488904815276769,0.0862148678438785,2024
ITA,genoa,2024-12-16 17:01:00.000,580.1,102.0,59.0,100.0,62.0,2024-12-09 17:01:00.001,26.195285415956565,18.48305963549677,7.712225780459796,2024
USA,phoenix,2024-10-03 14:46:30.000,499.0,28.0,185.5,158.0,35.0,2024-09-26 14:46:30.000,11.94166142970193,11.523674920234656,0.4179865094672745,2024
USA,fresno,2024-12-24 05:01:30.000,137.7,23.0,9.3,11.0,15.0,2024-12-17 05:01:30.000,12.952250810105117,11.471598127289088,1.480652682816029,2024
ARE,fujairah,2024-12-23 00:01:30.001,2.8,4.0,4.8,1.0,5.0,2024-12-16 00:01:30.000,10.524353302985258,10.684365504809378,-0.1600122018241201,2024
USA,new-haven,2024-12-14 15:45:32.040,5.1,12.0,0.5,3.0,12.0,2024-12-07 15:45:35.721,11.146894634068085,11.058501968029118,0.0883926660389651,2024
FRA,rennes,2025-01-04 00:01:30.001,0.0,2.0,0.0,0.0,1.0,2024-12-28 00:31:30.000,11.444483373099771,11.292610177202242,0.1518731958975294,2025
DEU,cologne,2024-12-31 13:31:00.000,20.9,12.0,2.3,5.0,18.0,2024-12-24 13:46:00.000,11.328922308125392,12.634649940341715,-1.3057276322163247,2024
ITA,reggio-emilia,2024-11-27 23:01:30.000,0.0,0.0,0.0,0.0,0.0,2024-11-20 23:01:30.000,9.966452862052597,10.14650652094156,-0.180053658888962,2024
NZL,dunedin,2024-12-16 10:01:30.000,0.0,5.0,0.0,0.0,5.0,2024-12-09 10:31:30.000,15.887690248191204,15.35510571878788,0.5325845294033247,2024
USA,jacksonville,2024-10-05 21:00:56.088,85.7,19.0,14.0,24.0,13.0,2024-09-28 21:16:04.388,10.889665641226433,10.169498299255258,0.7201673419711732,2024
GBR,belfast,2025-01-07 03:01:30.001,0.0,0.0,0.0,0.0,0.0,2024-12-31 03:01:30.000,10.7909805758932,10.474246997731724,0.316733578161477,2025
DEU,dusseldorf,2024-12-25 01:01:30.000,0.6,0.0,1.0,1.0,0.0,2024-12-18 01:01:30.000,10.511592422149809,10.375763588198048,0.135828833951761,2024
USA,minneapolis,2025-01-03 02:01:00.000,15.1,6.0,1.0,4.0,6.0,2024-12-27 02:01:00.000,9.82549984682399,9.926481190125331,-0.1009813433013437,2025
DEU,wiesbaden,2024-12-21 10:46:09.052,18.9,23.0,2.5,6.0,23.0,2024-12-14 10:31:08.457,14.54323474074701,14.02596166596194,0.5172730747850718,2024
DEU,ruhr-region-east,2024-11-12 09:00:55.564,67.0,24.0,12.7,14.0,29.0,2024-11-05 09:01:02.838,12.028632376383396,11.360962619081103,0.667669757302292,2024
USA,salt-lake-city,2024-12-30 00:01:00.000,21.8,7.0,1.8,8.0,10.0,2024-12-23 00:01:00.000,10.432495099940173,10.374469345990263,0.0580257539499076,2024
HKG,hong-kong,2024-10-31 18:01:30.001,60.2,12.0,9.8,17.0,7.0,2024-10-24 18:01:30.000,14.630396328156747,14.085730207839402,0.5446661203173466,2024
GBR,glasgow,2024-11-14 14:46:07.426,193.8,31.0,30.1,63.0,27.0,2024-11-07 14:45:38.002,15.809126524619586,15.003933546515078,0.8051929781045075,2024
FRA,rouen,2024-12-29 02:01:30.001,0.0,0.0,0.0,0.0,2.0,2024-12-22 02:01:30.000,12.509676450254435,12.387293113727807,0.122383336526628,2024
FRA,le-mans,2024-12-25 21:01:30.000,4.8,4.0,0.2,2.0,9.0,2024-12-18 21:01:30.000,11.015521813076244,10.822093466796067,0.1934283462801751,2024
JPN,kobe,2024-10-31 06:45:57.568,97.7,30.0,20.4,28.0,32.0,2024-10-24 06:45:42.969,16.751666974465806,17.015642867492367,-0.2639758930265614,2024
ESP,a-coruna,2024-11-20 08:01:00.001,77.2,47.0,11.5,21.0,50.0,2024-11-13 08:01:00.000,20.08696824437806,17.008691001651297,3.078277242726763,2024
ITA,livorno,2024-12-15 18:01:00.000,15.4,23.0,1.0,2.0,17.0,2024-12-08 18:01:00.000,15.538924894966677,14.86387338939214,0.6750515055745367,2024
IRL,dublin,2024-10-08 06:46:30.000,884.4,67.0,191.8,183.0,62.0,2024-10-01 06:46:30.000,19.80356444053377,17.068610487177732,2.734953953356033,2024
FIN,tampere,2024-12-05 07:01:00.000,6.4,20.0,0.2,2.0,16.0,2024-11-28 07:01:30.000,12.481623845723824,11.860343990102988,0.6212798556208377,2024
USA,orlando,2024-12-24 09:01:30.000,3.4,0.0,0.3,2.0,0.0,2024-12-17 09:01:30.000,8.18381669550485,8.225617983122609,-0.0418012876177584,2024
USA,las-vegas,2025-01-05 16:46:30.000,14.8,2.0,0.9,7.0,2.0,2024-12-29 16:46:30.000,10.70942126556145,10.727511728567931,-0.0180904630064837,2025
USA,nashville,2024-11-08 20:46:00.212,256.8,34.0,78.7,82.0,48.0,2024-11-01 20:45:47.907,12.574851108591876,12.26450136207815,0.3103497465137277,2024
CHE,basel,2024-12-12 01:01:30.000,0.0,0.0,0.0,0.0,0.0,2024-12-05 01:01:30.000,12.35920591831623,12.253484421617951,0.1057214966982762,2024
PRT,lisbon,2024-10-30 04:01:30.001,2.5,0.0,0.4,2.0,0.0,2024-10-23 04:01:30.000,14.399754017700076,14.080808080557397,0.318945937142681,2024
CAN,ottawa,2024-10-07 03:01:30.000,6.2,3.0,0.2,2.0,4.0,2024-09-30 03:01:30.000,12.039744395585704,11.766048848386522,0.2736955471991837,2024
BEL,ghent,2025-01-03 09:16:30.000,14.8,12.0,1.3,5.0,12.0,2024-12-27 09:46:30.000,9.827319133039538,10.181557379619983,-0.3542382465804454,2025
AUT,vienna,2024-11-30 03:16:30.000,7.2,1.0,0.4,2.0,1.0,2024-11-23 03:01:30.000,15.72489595577842,15.05858174356061,0.6663142122178094,2024
ITA,genoa,2024-11-28 08:01:00.000,111.6,56.0,15.7,27.0,51.0,2024-11-21 08:01:30.000,20.117267124314058,17.89087184311104,2.2263952812030183,2024
FRA,dijon,2024-11-17 23:01:30.000,0.0,0.0,0.0,0.0,3.0,2024-11-10 23:01:30.000,11.82315028116917,11.818648266027209,0.0045020151419628,2024
ITA,messina,2024-10-19 23:01:30.001,0.0,7.0,0.0,0.0,16.0,2024-10-12 23:01:30.000,18.400420953059907,18.107884551011924,0.2925364020479826,2024
AUS,adelaide,2024-12-01 03:31:30.001,40.7,22.0,6.5,10.0,21.0,2024-11-24 03:31:00.001,15.234094394734251,14.25671627943117,0.9773781153030824,2024
ITA,rome,2024-11-30 20:01:30.000,56.2,23.0,5.3,19.0,26.0,2024-11-23 20:01:30.000,15.90808438287745,15.569425626893036,0.3386587559844134,2024
DEU,aachen,2024-11-12 05:46:08.244,2.8,11.0,0.2,1.0,9.0,2024-11-05 05:45:51.788,11.063320431500298,10.733709674582435,0.3296107569178623,2024
NLD,zwolle,2024-12-08 06:01:30.001,0.0,0.0,0.0,0.0,0.0,2024-12-01 06:01:30.000,7.775348778383087,7.811742802273543,-0.0363940238904563,2024
DEU,bielefeld,2024-10-22 18:01:00.000,0.0,14.0,0.0,0.0,14.0,2024-10-15 18:01:00.000,11.169511188807146,10.776312495686506,0.3931986931206399,2024
DEU,hamburg,2024-10-02 19:01:00.000,26.0,14.0,1.6,9.0,13.0,2024-09-25 19:01:30.000,14.079092004269958,13.267454632130082,0.8116373721398755,2024
DNK,copenhagen,2024-10-31 07:31:30.000,463.5,61.0,108.0,117.0,52.0,2024-10-24 07:01:30.000,18.79943213037592,16.334619591225636,2.46481253915028,2024
FRA,le-havre,2025-01-10 21:01:00.001,2.5,6.0,0.3,1.0,6.0,2025-01-03 21:01:30.000,15.739047374203754,15.682352078098678,0.0566952961050759,2025
FRA,le-havre,2024-11-30 19:01:04.791,2.1,19.0,0.1,1.0,19.0,2024-11-23 19:01:00.000,17.205709113169394,16.464433435875293,0.7412756772941016,2024
TUR,istanbul,2024-10-16 21:01:30.000,61.1,2.0,10.8,20.0,3.0,2024-10-09 21:01:30.000,13.863417570722518,13.368566779209925,0.4948507915125955,2024
TWN,taipei,2024-11-19 11:01:07.368,846.1,66.0,192.8,235.0,73.0,2024-11-12 11:00:59.850,28.758249394255387,24.601038509808262,4.1572108844471245,2024
DEU,wuppertal,2024-12-06 00:31:30.000,0.0,7.0,0.0,0.0,0.0,2024-11-29 00:01:30.001,8.536648168223547,7.849925866943376,0.6867223012801711,2024
ITA,palermo,2024-12-13 01:01:30.001,0.0,0.0,0.0,0.0,0.0,2024-12-06 01:01:30.000,13.075180984643602,13.116298646976556,-0.0411176623329527,2024
USA,dayton,2024-10-20 01:01:30.000,6.1,7.0,0.5,3.0,7.0,2024-10-13 01:01:30.000,9.589474398889823,9.41455717498793,0.174917223901895,2024
THA,bangkok,2025-01-09 21:01:30.000,31.4,0.0,5.4,11.0,0.0,2025-01-02 21:01:30.000,10.476003252912044,10.553174012539696,-0.0771707596276503,2025
AUT,salzburg,2025-01-08 09:46:30.000,5.1,20.0,0.3,1.0,5.0,2025-01-01 09:31:30.000,12.898384069997434,13.484004319922544,-0.5856202499251104,2025
BRA,porto-alegre,2024-12-13 09:46:00.001,50.3,6.0,10.2,15.0,6.0,2024-12-06 09:46:00.000,14.153923612602346,14.405556931726087,-0.2516333191237407,2024
USA,milwaukee,2024-11-21 16:01:00.000,252.6,63.0,154.3,73.0,14.0,2024-11-14 16:01:00.000,17.01625587504684,11.388507247725158,5.627748627321683,2024
ARE,al-ain,2024-12-21 18:16:00.000,38.0,14.0,3.1,14.0,16.0,2024-12-14 18:31:00.001,10.916360659221498,11.160440116261954,-0.2440794570404563,2024
CHE,lausanne,2024-10-29 13:01:30.000,30.7,29.0,4.2,8.0,26.0,2024-10-22 13:01:30.000,15.319175706885911,14.320940935319468,0.9982347715664446,2024
GBR,portsmouth,2024-12-03 16:45:55.782,216.5,54.0,42.2,62.0,57.0,2024-11-26 16:46:01.124,16.435716710395546,14.70922947892844,1.7264872314671074,2024
ESP,malaga,2024-10-11 13:01:00.000,458.3,68.0,56.9,97.0,55.0,2024-10-04 13:01:00.001,20.80080434925021,16.605714738669263,4.195089610580947,2024
AUS,melbourne,2025-01-06 09:01:30.001,26.1,10.0,3.3,10.0,12.0,2024-12-30 09:01:30.000,13.503739922251976,13.401753643114446,0.1019862791375292,2025
USA,el-paso,2024-10-26 13:01:30.000,0.0,2.0,0.0,0.0,0.0,2024-10-19 13:01:30.000,11.622868212632223,11.574833763610783,0.0480344490214417,2024
ESP,madrid,2024-11-13 08:01:00.000,2010.3,61.0,401.6,566.0,70.0,2024-11-06 08:01:00.000,17.04410358468683,14.635753252781958,2.408350331904872,2024
ESP,granada,2024-11-28 22:01:30.000,0.0,0.0,0.0,0.0,0.0,2024-11-21 22:01:30.000,14.851330601214718,14.888201055294584,-0.0368704540798674,2024
BRA,belo-horizonte,2024-11-26 14:00:39.643,137.4,28.0,31.6,53.0,31.0,2024-11-19 14:00:58.197,20.36116258188272,19.917781834912912,0.4433807469698081,2024
ITA,brescia,2024-11-13 15:46:30.000,109.3,31.0,20.9,31.0,31.0,2024-11-06 15:46:30.000,12.203560753091228,11.538088305138048,0.6654724479531815,2024
DEU,augsburg,2024-10-14 17:01:00.000,0.0,27.0,0.0,0.0,24.0,2024-10-07 17:01:01.940,13.295329963859144,12.340379381408347,0.9549505824507952,2024
USA,virginia-beach,2024-12-22 16:46:00.000,4.3,8.0,0.7,3.0,8.0,2024-12-15 16:46:00.000,10.83341465787582,10.816310350008804,0.0171043078670152,2024
POL,krakow,2024-10-02 05:46:30.000,679.3,68.0,82.5,146.0,58.0,2024-09-25 05:46:00.000,22.16409437935487,19.18186522756753,2.9822291517873403,2024
USA,albuquerque,2024-12-03 13:46:30.000,0.0,5.0,0.0,0.0,4.0,2024-11-26 13:46:30.000,9.63340780105927,9.611401267681453,0.0220065333778194,2024
POL,bydgoszcz,2024-12-15 11:46:30.000,24.9,24.0,2.4,5.0,10.0,2024-12-08 11:01:30.000,14.202564859561232,12.64556223846174,1.5570026210994925,2024
POL,gdansk-gdynia-sopot,2024-11-08 11:46:30.000,196.7,34.0,28.5,55.0,16.0,2024-11-01 11:31:30.000,15.964964905154396,15.56079973120256,0.404165173951835,2024
USA,virginia-beach,2024-10-20 20:01:00.001,26.9,10.0,9.1,6.0,12.0,2024-10-13 20:46:00.001,10.973053354046558,10.73515087163175,0.2379024824148068,2024
PRT,porto,2024-12-21 00:46:30.001,70.4,9.0,4.4,15.0,7.0,2024-12-14 00:01:30.000,13.213642580738547,12.108629772403358,1.105012808335191,2024
USA,honolulu,2024-10-02 14:01:30.000,2.5,0.0,0.2,1.0,0.0,2024-09-25 14:01:30.000,8.969164909618605,9.343749348617488,-0.3745844389988821,2024
ESP,vigo,2024-11-04 22:31:30.000,31.2,12.0,3.9,9.0,0.0,2024-10-28 22:01:30.001,14.796915083703654,12.970102516859347,1.826812566844307,2024
FRA,nancy,2024-12-02 07:45:49.474,118.6,52.0,22.3,40.0,52.0,2024-11-25 07:46:04.424,19.040447548512297,16.39383557047382,2.6466119780384787,2024
SWE,malmo,2024-12-09 04:01:30.000,0.8,0.0,0.5,1.0,0.0,2024-12-02 04:01:30.000,9.33801173581498,9.344267326137444,-0.0062555903224641,2024
NLD,breda,2024-12-26 00:01:30.000,0.0,0.0,0.0,0.0,0.0,2024-12-19 00:01:30.001,7.969112057375872,7.793240736583799,0.1758713207920728,2024
DEU,aachen,2024-12-14 22:01:02.018,2.9,11.0,0.3,1.0,10.0,2024-12-07 22:01:00.000,12.852962141991483,12.163426670327455,0.6895354716640281,2024
USA,san-diego,2024-12-26 01:31:00.000,50.8,9.0,6.0,21.0,77.0,2024-12-19 01:31:07.528,9.311736562813564,9.715673090741529,-0.4039365279279643,2024
TUR,kayseri,2024-12-18 13:31:08.614,41.7,14.0,4.8,16.0,13.0,2024-12-11 13:15:53.771,15.145882121162987,14.952530743545944,0.1933513776170432,2024
TWN,taipei,2024-11-13 22:46:30.000,41.6,9.0,14.5,19.0,10.0,2024-11-06 22:46:30.000,15.648381361648774,14.893215173348771,0.7551661883000023,2024
USA,philadelphia,2024-12-24 17:30:49.842,95.3,21.0,15.5,33.0,18.0,2024-12-17 17:16:10.763,12.130085415110754,11.2922305592371,0.8378548558736529,2024
AUT,graz,2024-10-24 19:01:30.000,8.8,14.0,1.1,2.0,13.0,2024-10-17 19:01:00.000,13.53396509379827,12.706483156306987,0.8274819374912816,2024
USA,allentown,2024-11-03 17:31:00.000,13.4,12.0,1.4,5.0,17.0,2024-10-27 17:01:00.000,11.03853132633992,10.80699841858377,0.2315329077561507,2024
FRA,nantes,2024-10-14 12:01:16.491,23.6,19.0,6.7,10.0,19.0,2024-10-07 12:31:00.001,12.667719066615549,12.219735788874646,0.4479832777409029,2024
JPN,kobe,2024-10-09 08:45:10.990,277.1,37.0,61.1,74.0,36.0,2024-10-02 08:45:07.171,18.32689037207818,18.18760204103416,0.1392883310440176,2024
ITA,rome,2024-11-10 17:01:00.000,483.0,51.0,114.7,108.0,41.0,2024-11-03 17:01:00.000,17.476177249948005,14.542852703277374,2.9333245466706312,2024
USA,columbus,2025-01-12 22:01:30.000,31.9,11.0,4.1,14.0,9.0,2025-01-05 22:01:30.000,10.829755276117268,10.65843847776302,0.1713167983542494,2025
GBR,belfast,2024-12-04 20:01:00.000,5.8,19.0,0.2,1.0,22.0,2024-11-27 20:01:00.000,13.984299652041408,13.638537158166711,0.3457624938746946,2024
BEL,charleroi,2024-12-24 05:01:30.000,1.2,0.0,0.0,1.0,1.0,2024-12-17 05:46:30.000,8.099725978459583,8.241483156562111,-0.1417571781025284,2024
FRA,lille,2024-10-24 00:01:30.000,0.0,0.0,0.0,0.0,0.0,2024-10-17 00:01:30.000,12.887229524285324,12.483615150256329,0.4036143740289972,2024
DEU,cologne,2024-10-24 09:45:39.606,92.4,27.0,26.9,32.0,22.0,2024-10-17 09:00:46.779,12.62373795536728,11.940694498620124,0.6830434567471553,2024
USA,nashville,2024-12-08 04:16:00.000,77.2,10.0,6.9,17.0,5.0,2024-12-01 04:01:00.001,10.64176732542131,10.688508854463992,-0.0467415290426842,2024
GBR,bournemouth,2024-10-14 13:46:01.726,22.7,30.0,3.9,6.0,29.0,2024-10-07 13:46:00.001,16.797345381142037,16.53834130735229,0.2590040737897467,2024
FRA,montpellier,2025-01-09 13:01:00.036,55.7,29.0,9.4,16.0,27.0,2025-01-02 13:46:00.000,15.982174426258144,15.550025866254822,0.4321485600033217,2025
USA,virginia-beach,2024-11-14 01:01:00.000,10.8,8.0,4.9,5.0,8.0,2024-11-07 01:01:30.001,11.07422629483131,11.006781138907131,0.0674451559241795,2024
USA,baltimore,2024-11-06 03:01:30.000,16.2,4.0,0.8,4.0,3.0,2024-10-30 03:01:30.000,10.313099364410196,10.24479633474728,0.0683030296629141,2024
ESP,santa-cruz-de-tenerife,2024-11-27 02:01:30.001,0.0,0.0,0.0,0.0,0.0,2024-11-20 02:01:30.001,11.862429398270798,11.904494100310556,-0.0420647020397577,2024
NLD,apeldoorn,2024-10-17 16:01:30.000,0.6,30.0,1.0,1.0,36.0,2024-10-10 16:01:30.000,12.014463141403064,11.739549334044124,0.2749138073589385,2024
USA,nashville,2024-12-15 10:01:30.000,0.5,0.0,1.3,1.0,0.0,2024-12-08 10:01:30.000,8.778410341946635,8.465029879333327,0.3133804626133081,2024
POL,bielsko-biala,2024-11-04 07:01:00.001,213.4,54.0,34.0,49.0,54.0,2024-10-28 07:01:30.000,16.47577506966362,13.743073120525784,2.7327019491378355,2024
USA,honolulu,2024-12-05 04:01:30.000,149.0,57.0,39.6,41.0,40.0,2024-11-28 04:01:30.000,18.97590692758892,16.69797575577834,2.277931171810576,2024
NLD,zwolle,2024-11-11 21:46:30.001,8.3,12.0,5.1,2.0,5.0,2024-11-04 21:01:30.001,9.997276193871077,9.054637485905486,0.9426387079655888,2024
USA,fresno,2024-10-29 09:01:30.000,0.0,0.0,0.0,0.0,0.0,2024-10-22 09:01:30.000,8.406457833845542,8.653760051080978,-0.2473022172354362,2024
IRL,cork,2024-11-07 10:01:30.001,38.8,40.0,5.3,12.0,30.0,2024-10-31 10:46:30.000,16.048494220639785,14.35359431103665,1.6948999096031354,2024
ESP,malaga,2024-11-06 03:01:30.001,3.9,0.0,0.2,1.0,0.0,2024-10-30 03:01:30.000,12.648995646306544,12.484241300483944,0.1647543458226028,2024
GBR,middlesbrough,2025-01-06 06:46:30.000,0.0,5.0,0.0,0.0,0.0,2024-12-30 06:01:30.000,9.303979245106737,9.042910931483338,0.2610683136233991,2025
AUS,melbourne,2025-01-01 15:01:30.000,10.0,0.0,2.2,4.0,0.0,2024-12-25 15:01:30.000,11.331649295629497,11.148679903690232,0.1829693919392632,2025
USA,raleigh,2024-11-17 03:01:00.000,22.3,5.0,4.8,7.0,5.0,2024-11-10 03:01:00.000,9.51156943184893,9.527663555145352,-0.0160941232964226,2024
USA,st-louis,2024-12-30 06:01:30.000,13.1,0.0,0.7,3.0,1.0,2024-12-23 06:01:30.001,8.837122512179175,8.84314606488627,-0.006023552707095,2024
ESP,malaga,2024-10-08 09:31:00.000,28.4,25.0,2.8,8.0,25.0,2024-10-01 09:31:00.000,15.2817159916389,15.159985027277422,0.121730964361479,2024
USA,bakersfield,2024-11-09 18:46:30.000,55.4,20.0,7.7,11.0,21.0,2024-11-02 18:46:30.000,11.832377500617916,11.31288177864198,0.519495721975936,2024
THA,bangkok,2024-12-05 21:01:30.001,19.1,0.0,7.2,9.0,0.0,2024-11-28 21:01:30.000,10.591479325801709,10.642849965273214,-0.0513706394715054,2024
NLD,leiden,2024-12-09 16:31:30.000,70.5,49.0,19.8,18.0,72.0,2024-12-02 16:31:30.000,13.57654804082927,12.166211911358422,1.4103361294708474,2024
POL,lublin,2024-10-02 14:31:00.001,292.0,65.0,35.4,79.0,52.0,2024-09-25 14:01:30.000,17.621205795373715,15.37929106780008,2.2419147275736364,2024
USA,providence,2024-12-13 02:01:00.000,20.9,7.0,1.6,5.0,7.0,2024-12-06 02:01:00.000,11.523299036265788,11.468968358151166,0.0543306781146224,2024
GBR,belfast,2024-12-30 23:01:30.000,4.4,2.0,0.4,1.0,5.0,2024-12-23 23:01:30.000,11.84620766995882,11.53995199406804,0.3062556758907782,2024
TUR,gaziantep,2024-10-28 04:46:30.000,41.6,12.0,7.4,15.0,17.0,2024-10-21 04:46:00.000,15.918754412030712,16.135678731914993,-0.2169243198842814,2024
FRA,grenoble,2024-10-05 18:01:00.000,2.5,21.0,0.3,1.0,17.0,2024-09-28 18:01:00.000,14.52470345399285,13.753754466023937,0.7709489879689144,2024
BEL,bruges,2024-12-15 17:01:30.000,20.6,38.0,4.6,7.0,18.0,2024-12-08 17:31:30.000,12.440847886834812,10.446807658633208,1.994040228201604,2024
FRA,reims,2024-12-23 16:31:06.830,169.8,45.0,17.3,44.0,54.0,2024-12-16 16:30:50.999,15.264707085913267,13.77071222949207,1.4939948564211996,2024
USA,san-francisco,2024-10-14 11:01:30.000,3.0,0.0,0.2,1.0,0.0,2024-10-07 11:01:30.000,8.52788770694303,8.618546390873629,-0.0906586839305987,2024
ESP,santander,2024-12-29 00:01:30.001,0.0,1.0,0.0,0.0,1.0,2024-12-22 00:01:30.000,14.12429745569099,13.83703441918662,0.2872630365043704,2024
DNK,aarhus,2024-11-26 19:01:30.000,3.6,10.0,0.3,2.0,10.0,2024-11-19 19:01:30.000,14.782503004481566,14.444184467668574,0.3383185368129915,2024
POL,warsaw,2024-12-16 15:46:00.001,2232.1,113.0,287.4,447.0,84.0,2024-12-09 15:46:30.000,27.9694132566329,20.271419453170235,7.697993803462666,2024
DEU,berlin,2024-11-23 03:01:30.000,0.0,0.0,0.0,0.0,0.0,2024-11-16 03:01:30.000,15.329164060016431,14.441589869195244,0.8875741908211872,2024
NLD,amersfoort,2024-10-18 01:01:30.000,0.0,0.0,0.0,0.0,0.0,2024-10-11 01:01:30.000,6.692420970603427,6.672685634975883,0.0197353356275442,2024
ZAF,pretoria,2024-10-03 09:46:30.000,66.0,23.0,11.3,20.0,23.0,2024-09-26 09:46:30.000,13.736858685809716,13.17316127481324,0.5636974109964772,2024
USA,fresno,2024-12-30 04:01:30.000,1.4,10.0,0.2,1.0,22.0,2024-12-23 04:01:30.000,11.221258806703212,11.255244710607412,-0.0339859039041989,2024
BRA,salvador,2024-11-12 11:15:49.988,265.0,59.0,51.1,79.0,63.0,2024-11-05 11:01:08.560,22.631811188889497,21.72502852607456,0.9067826628149368,2024
ESP,bilbao,2024-10-11 01:01:30.000,4.2,0.0,5.2,3.0,0.0,2024-10-04 01:01:30.000,11.72683622089821,11.471992041249855,0.2548441796483551,2024
TWN,kaohsiung,2024-11-26 17:01:30.000,6.0,5.0,1.4,2.0,6.0,2024-11-19 17:01:30.001,19.249447528303342,17.041409838886295,2.208037689417047,2024
AUS,adelaide,2024-11-27 07:01:00.000,547.7,47.0,90.2,153.0,49.0,2024-11-20 07:01:00.000,18.517197572134265,16.764608036799594,1.7525895353346712,2024
NLD,tilburg,2024-12-05 19:01:30.001,0.0,10.0,0.0,0.0,15.0,2024-11-28 19:01:30.000,11.334840497869902,11.430325312410265,-0.095484814540363,2024
USA,dayton,2024-12-17 21:46:30.000,46.1,22.0,19.4,18.0,26.0,2024-12-10 21:46:00.000,11.536308076674896,11.008326349147032,0.5279817275278624,2024
DEU,mannheim,2024-12-10 03:01:30.000,0.0,0.0,0.0,0.0,0.0,2024-12-03 03:01:30.000,9.284799619595482,9.06718242650246,0.2176171930930213,2024
AUS,adelaide,2024-11-22 12:31:30.000,17.7,10.0,8.0,8.0,18.0,2024-11-15 12:31:30.000,13.979888725371438,13.272893511030986,0.7069952143404521,2024
USA,cleveland,2024-10-10 18:46:30.000,146.2,16.0,25.6,47.0,16.0,2024-10-03 18:46:30.001,11.122516665573237,10.822658282045364,0.2998583835278712,2024
GBR,cardiff,2024-12-04 07:46:06.453,87.4,27.0,29.4,18.0,26.0,2024-11-27 07:45:52.867,13.437805244505164,12.80709194300632,0.6307133014988437,2024
USA,indianapolis,2024-12-05 22:01:00.000,496.4,44.0,154.8,122.0,6.0,2024-11-28 22:16:30.001,14.32701750123982,12.949718454259404,1.377299046980415,2024
SGP,singapore,2024-10-19 20:16:30.097,4.6,9.0,0.6,2.0,2.0,2024-10-12 20:01:30.000,12.87729689046044,12.491557417767956,0.3857394726924852,2024
GRC,thessaloniki,2024-11-10 06:01:30.000,0.0,0.0,0.0,0.0,0.0,2024-11-03 06:01:30.000,11.674953588458552,11.62754374455742,0.0474098439011321,2024
PRT,lisbon,2024-11-20 12:01:30.000,69.3,24.0,10.0,23.0,30.0,2024-11-13 12:01:30.001,17.94526020651607,17.9752807393491,-0.0300205328330278,2024
TUR,konya,2024-12-16 23:01:30.000,0.0,2.0,0.0,0.0,3.0,2024-12-09 23:01:30.001,12.26592393955309,11.803943696276876,0.4619802432762157,2024
DEU,monchengladbach,2024-12-06 18:01:10.163,1.1,23.0,0.1,1.0,36.0,2024-11-29 18:00:43.566,13.133975640891393,12.324339104257025,0.8096365366343665,2024
USA,providence,2024-10-27 11:01:30.000,2.8,0.0,0.2,1.0,0.0,2024-10-20 11:01:30.000,8.843272337215474,8.83675191979538,0.0065204174200932,2024
USA,charlotte,2024-10-24 18:45:58.373,224.6,29.0,62.8,72.0,29.0,2024-10-17 18:46:03.182,12.007733192555216,11.104875070185878,0.902858122369338,2024
AUT,innsbruck,2024-11-09 13:31:00.000,22.0,26.0,1.8,6.0,25.0,2024-11-02 13:16:00.000,13.748357727480505,12.790736977110615,0.9576207503698876,2024
TWN,tainan,2024-11-19 00:01:04.664,160.6,39.0,31.6,47.0,55.0,2024-11-12 00:16:09.231,19.431851883450328,17.331207771860274,2.1006441115900536,2024
ESP,granada,2024-11-27 14:01:00.000,65.1,43.0,8.1,23.0,55.0,2024-11-20 14:31:00.000,19.9610205315794,17.515070863605605,2.445949667973789,2024
AUS,gold-coast,2024-10-13 04:01:00.000,14.4,19.0,1.4,5.0,31.0,2024-10-06 04:01:00.000,13.752288408220032,13.713653204727652,0.0386352034923795,2024
FRA,marseille,2024-11-05 07:45:33.422,1441.4,107.0,169.6,264.0,43.0,2024-10-29 07:45:59.772,28.314240461893853,21.80074583570265,6.513494626191204,2024
IRL,limerick,2024-12-21 18:01:30.000,5.3,39.0,0.4,2.0,40.0,2024-12-14 18:01:30.000,16.93480252611493,15.364266013444592,1.570536512670337,2024
USA,new-york,2024-10-26 19:45:29.585,2694.0,44.0,613.8,734.0,44.0,2024-10-19 19:45:26.009,20.65607398495641,18.95551382740637,1.700560157550047,2024
FRA,nice,2024-11-17 22:01:30.000,0.0,1.0,0.0,0.0,4.0,2024-11-10 22:01:30.000,15.724490137681368,15.822252906984035,-0.097762769302669,2024
ITA,genoa,2024-12-15 00:01:30.000,5.4,9.0,0.4,2.0,5.0,2024-12-08 00:01:30.000,16.367048378390912,15.127762912342028,1.2392854660488857,2024
IND,new-delhi,2024-11-23 09:16:30.000,1604.1,33.0,197.9,379.0,37.0,2024-11-16 09:16:30.000,23.28653840946086,23.37183140974735,-0.0852930002864909,2024
ITA,naples,2024-10-12 06:46:30.000,7.1,5.0,0.5,2.0,9.0,2024-10-05 06:46:30.000,11.475560467565952,11.653095320681553,-0.1775348531155991,2024
GBR,cardiff,2024-11-21 07:45:51.283,64.0,25.0,27.3,17.0,30.0,2024-11-14 07:45:50.565,13.245389937155586,12.685277059480187,0.5601128776753992,2024
PRT,funchal,2024-10-08 01:01:30.000,0.0,0.0,0.0,0.0,0.0,2024-10-01 01:01:30.001,11.965085286589323,11.75177272704198,0.2133125595473437,2024
TWN,kaohsiung,2024-10-09 23:46:30.001,25.6,16.0,1.9,8.0,17.0,2024-10-02 23:46:30.000,18.40585315362379,19.52742744885932,-1.121574295235522,2024
ITA,genoa,2024-10-24 00:01:30.000,1.0,0.0,2.9,1.0,0.0,2024-10-17 00:01:30.001,12.669285022861768,12.620285564355529,0.0489994585062412,2024
IRL,cork,2024-11-06 17:01:30.000,317.4,75.0,44.1,79.0,107.0,2024-10-30 17:46:30.000,19.978390720361183,17.352972388207533,2.62541833215365,2024
AUT,innsbruck,2024-10-23 07:01:00.207,2.4,24.0,0.2,1.0,28.0,2024-10-16 07:01:00.763,12.95230827186856,12.483089928708292,0.4692183431602679,2024
LVA,riga,2025-01-08 20:01:30.000,2.7,5.0,0.1,1.0,4.0,2025-01-01 20:01:30.000,13.506643453003957,13.365591351137668,0.1410521018662898,2025
COL,bogota,2024-10-12 15:46:30.001,965.0,36.0,115.6,224.0,56.0,2024-10-05 15:46:30.000,24.48682282427583,27.427712731955225,-2.940889907679395,2024
TUR,bursa,2025-01-03 00:01:30.001,4.4,0.0,1.0,2.0,0.0,2024-12-27 00:01:30.001,10.2231150718003,10.369418088945553,-0.1463030171452501,2025
USA,washington,2024-11-16 20:46:00.000,715.3,34.0,198.4,205.0,37.0,2024-11-09 20:46:00.000,14.64665567336674,13.601415995915149,1.045239677451594,2024
USA,little-rock,2024-10-30 20:45:41.913,68.5,15.0,9.6,20.0,13.0,2024-10-23 20:30:33.424,9.861106802894374,9.670348719263997,0.1907580836303779,2024
DEU,bonn,2024-12-21 07:46:00.001,0.0,4.0,0.0,0.0,13.0,2024-12-14 07:46:00.000,10.742901035141337,10.802050367037925,-0.0591493318965863,2024
CZE,brno,2024-12-28 22:01:30.000,1.2,1.0,0.1,1.0,1.0,2024-12-21 22:01:30.000,11.178782162631926,11.233297023226726,-0.0545148605948,2024
ZAF,johannesburg,2024-10-24 15:31:30.000,1281.0,47.0,256.2,342.0,50.0,2024-10-17 15:31:30.000,17.490360001853734,16.46045816431718,1.0299018375365527,2024
USA,baton-rouge,2024-11-02 18:00:43.145,53.1,21.0,8.7,17.0,24.0,2024-10-26 18:00:42.217,12.670848686102254,12.214475381457325,0.4563733046449307,2024
NLD,haarlem,2024-12-12 13:01:30.000,13.2,39.0,2.0,4.0,52.0,2024-12-05 13:46:30.000,16.416740839028705,15.299002930737146,1.1177379082915593,2024
TWN,tainan,2024-10-30 13:31:00.000,12.8,23.0,1.3,4.0,19.0,2024-10-23 13:01:00.001,18.45602427312111,16.538229119199745,1.9177951539213645,2024
USA,grand-rapids,2024-12-21 13:01:30.000,5.7,2.0,0.4,1.0,4.0,2024-12-14 13:46:30.000,8.810508676951631,8.703039957103615,0.1074687198480166,2024
USA,allentown,2024-11-20 07:16:30.000,5.1,1.0,3.1,1.0,0.0,2024-11-13 07:01:30.000,8.722420733305224,8.743083524266526,-0.0206627909613015,2024
NLD,utrecht,2024-12-06 03:01:30.000,0.0,0.0,0.0,0.0,0.0,2024-11-29 03:01:30.000,7.791992803087285,7.883910216981985,-0.0919174138946994,2024
TWN,taoyuan,2024-12-29 11:00:53.983,56.9,36.0,8.1,18.0,37.0,2024-12-22 11:00:31.279,16.85216977852017,15.519803836492375,1.3323659420277956,2024
PHL,manila,2024-12-17 10:15:30.885,5415.7,143.0,758.5,971.0,153.0,2024-12-10 10:15:16.181,40.78384566116212,34.30881953145655,6.475026129705569,2024
AUS,canberra,2024-12-28 06:01:00.000,2.9,9.0,0.2,1.0,10.0,2024-12-21 06:01:00.001,11.696660220824167,11.992109510155808,-0.2954492893316391,2024
GBR,birmingham,2024-10-10 06:45:44.400,928.4,39.0,201.8,245.0,36.0,2024-10-03 06:45:45.935,14.899187170317555,13.293089989826951,1.606097180490604,2024
DEU,ruhr-region-east,2024-10-28 18:01:00.000,25.3,19.0,3.8,8.0,11.0,2024-10-21 18:01:00.001,11.961768242019396,11.17900577566469,0.7827624663547059,2024
GBR,preston,2024-11-27 05:01:30.000,0.0,0.0,0.0,0.0,16.0,2024-11-20 05:01:30.000,7.1914659680315705,7.166537578282925,0.0249283897486458,2024
GBR,portsmouth,2025-01-06 13:01:00.000,42.9,22.0,5.3,17.0,39.0,2024-12-30 13:01:09.628,13.063762762452452,13.05031527306418,0.0134474893882732,2025
AUT,innsbruck,2025-01-03 00:46:30.000,0.8,2.0,3.3,1.0,0.0,2024-12-27 00:01:30.000,11.999163570353623,11.606551175292656,0.3926123950609685,2025
BEL,charleroi,2024-10-29 21:01:30.000,4.7,3.0,0.7,2.0,1.0,2024-10-22 21:01:30.000,9.338341220464343,9.232590829575615,0.105750390888728,2024
USA,san-antonio,2024-12-13 05:01:30.000,36.7,5.0,12.4,11.0,5.0,2024-12-06 05:01:30.000,9.461379534691057,9.279987876875282,0.181391657815773,2024
AUS,hobart,2024-11-14 11:01:30.000,0.0,8.0,0.0,0.0,9.0,2024-11-07 11:01:30.000,13.004653267877933,12.658445453262646,0.3462078146152869,2024
DEU,monchengladbach,2025-01-11 11:46:00.001,3.1,21.0,0.7,1.0,16.0,2025-01-04 11:31:00.075,12.833819246990686,12.483288184372205,0.350531062618483,2025
FRA,le-mans,2024-12-25 01:01:30.000,0.0,2.0,0.0,0.0,0.0,2024-12-18 01:01:30.001,11.064149141088595,10.855925111224796,0.2082240298637998,2024
NLD,leiden,2024-12-06 14:31:30.000,106.5,47.0,14.4,28.0,54.0,2024-11-29 14:46:30.000,13.696234718143572,12.837042486860216,0.8591922312833553,2024
ARE,dubai,2024-10-24 02:46:30.000,1235.6,27.0,157.0,240.0,31.0,2024-10-17 02:46:30.000,11.15209173944968,10.00944451233054,1.1426472271191397,2024
GBR,cardiff,2024-10-25 18:00:55.263,55.4,37.0,9.2,18.0,30.0,2024-10-18 18:01:15.396,16.647225146524033,14.973485058493146,1.673740088030886,2024
PER,lima,2024-12-05 05:01:30.000,51.8,0.0,5.3,11.0,0.0,2024-11-28 05:01:30.001,19.766275126173763,18.7316746994103,1.0346004267634648,2024
GBR,manchester,2024-12-08 04:01:30.001,20.1,4.0,1.6,5.0,4.0,2024-12-01 04:01:30.000,14.355679093818123,13.119456716725018,1.236222377093107,2024
USA,cleveland,2024-11-03 15:46:30.000,40.2,6.0,6.1,13.0,8.0,2024-10-27 15:46:30.000,9.878927792431284,9.718232307705373,0.1606954847259132,2024
SVN,ljubljana,2024-12-04 20:01:30.000,0.0,13.0,0.0,0.0,10.0,2024-11-27 20:01:30.000,12.414369554928594,11.8277655628094,0.5866039921191959,2024
ITA,naples,2024-11-03 21:01:30.001,54.5,11.0,4.2,7.0,12.0,2024-10-27 21:01:30.000,13.840869052274911,14.2537108623786,-0.4128418101036892,2024
USA,richmond,2025-01-12 15:01:00.000,5.7,3.0,0.5,2.0,5.0,2025-01-05 15:46:30.000,9.053295818449923,9.087555865887696,-0.0342600474377707,2025
USA,tucson,2024-12-13 07:01:30.000,0.0,0.0,0.0,0.0,0.0,2024-12-06 07:01:30.000,9.700297624260353,9.682008402348515,0.0182892219118375,2024
POL,katowice-urban-area,2024-12-31 02:16:30.001,0.0,2.0,0.0,0.0,0.0,2024-12-24 02:01:30.001,8.093914186219607,7.97970780646036,0.1142063797592465,2024
USA,winston-salem,2024-12-09 04:01:30.000,0.0,0.0,0.0,0.0,0.0,2024-12-02 04:01:30.001,7.786815940958015,7.895172083294306,-0.1083561423362908,2024
COL,bogota,2024-10-17 18:01:30.000,1429.5,51.0,183.7,309.0,46.0,2024-10-10 18:01:30.000,28.09698336312113,26.288629642023725,1.8083537210974043,2024
ITA,reggio-calabria,2024-10-23 12:01:30.001,0.0,26.0,0.0,0.0,40.0,2024-10-16 12:01:30.001,16.04919452210544,15.19888058075647,0.850313941348972,2024
CHE,lugano,2025-01-09 01:01:30.001,0.0,0.0,0.0,0.0,0.0,2025-01-02 01:01:30.000,11.473242266013434,11.437542043160882,0.0357002228525527,2025
FRA,tours,2024-10-07 20:01:30.001,6.8,7.0,0.6,1.0,4.0,2024-09-30 20:01:30.000,13.14981486992604,12.638139180178662,0.5116756897473778,2024
NLD,breda,2024-11-23 04:01:30.000,0.0,0.0,0.0,0.0,0.0,2024-11-16 04:01:30.000,8.503590369304778,8.173605039857103,0.3299853294476751,2024
COL,bogota,2024-10-12 10:46:30.001,270.1,11.0,43.0,52.0,5.0,2024-10-05 10:46:30.000,19.10473285834528,18.22396772635934,0.8807651319859389,2024
ITA,livorno,2024-12-23 10:16:30.000,105.4,59.0,12.4,25.0,31.0,2024-12-16 10:46:30.000,21.21306569273916,16.479667395578694,4.733398297160466,2024
ESP,cordoba,2024-10-09 19:01:30.000,5.1,20.0,0.2,1.0,18.0,2024-10-02 19:01:30.000,17.674930859103746,16.526519128107417,1.1484117309963295,2024
CHE,geneva,2024-11-04 18:01:30.000,66.2,49.0,12.1,18.0,42.0,2024-10-28 18:01:30.001,22.869592699199,20.74820500878149,2.121387690417506,2024
ITA,florence,2024-12-25 18:01:30.000,2.7,13.0,1.2,1.0,92.0,2024-12-18 18:01:00.001,13.133585106968312,14.063622394230952,-0.9300372872626408,2024
ESP,a-coruna,2024-11-11 23:01:30.000,0.0,0.0,0.0,0.0,0.0,2024-11-04 23:01:30.000,13.457189088748567,13.427892701623394,0.0292963871251732,2024
ESP,pamplona,2024-10-15 13:01:00.000,3.8,22.0,0.5,2.0,20.0,2024-10-08 13:31:00.000,15.334710934612891,14.451235356525448,0.8834755780874435,2024
USA,philadelphia,2024-11-28 02:01:00.000,35.6,12.0,10.2,7.0,5.0,2024-11-21 02:01:00.000,10.284110104319463,9.753605191133849,0.5305049131856165,2024
CZE,ostrava,2024-10-24 06:16:30.001,48.6,38.0,12.0,12.0,39.0,2024-10-17 06:01:30.000,13.548509300749776,11.85187795931431,1.6966313414354648,2024
USA,milwaukee,2025-01-13 01:16:00.000,12.7,7.0,0.8,4.0,6.0,2025-01-06 01:01:00.000,10.72167194066418,10.550090018285296,0.1715819223788841,2025
CAN,kitchener-waterloo,2024-12-31 01:01:00.001,0.0,10.0,0.0,0.0,36.0,2024-12-24 01:01:00.000,13.573346397253092,13.362522361967986,0.2108240352851069,2024
FIN,helsinki,2024-12-01 09:46:30.001,2.7,10.0,0.2,1.0,15.0,2024-11-24 09:46:30.000,12.29953920097714,12.164682720735785,0.134856480241357,2024
ITA,milan,2024-11-20 17:01:00.000,1773.7,67.0,371.4,493.0,79.0,2024-11-13 17:31:00.000,19.51669826855388,17.495217515746628,2.0214807528072534,2024
GBR,coventry,2024-10-14 14:45:44.465,86.0,33.0,9.5,27.0,35.0,2024-10-07 14:45:59.151,14.452540501019111,13.421033453510717,1.031507047508395,2024
BRA,rio-de-janeiro,2025-01-12 23:01:00.000,47.1,10.0,4.8,17.0,15.0,2025-01-05 23:01:00.000,15.224124685622469,16.14903910063858,-0.9249144150161096,2025
DNK,odense,2024-12-13 03:01:30.000,0.0,0.0,0.0,0.0,0.0,2024-12-06 03:01:30.001,9.1245871509605,9.338625881845196,-0.2140387308846936,2024
ITA,bologna,2024-10-22 03:01:30.001,0.0,0.0,0.0,0.0,0.0,2024-10-15 03:01:30.001,8.848069345851075,8.85285564574659,-0.0047862998955157,2024
CZE,prague,2025-01-04 21:01:30.000,4.3,7.0,0.1,1.0,10.0,2024-12-28 21:01:30.001,13.856262396385745,13.943879494613116,-0.0876170982273709,2025
AUS,sydney,2024-11-21 08:01:30.001,817.0,46.0,100.5,179.0,31.0,2024-11-14 08:01:00.000,20.49643388984881,17.457293359446112,3.039140530402697,2024
USA,grand-rapids,2024-12-18 10:01:30.001,0.0,0.0,0.0,0.0,1.0,2024-12-11 10:46:30.000,7.771824082599989,7.894232628781608,-0.1224085461816191,2024
PRT,lisbon,2025-01-07 16:46:30.000,191.8,36.0,38.3,63.0,22.0,2024-12-31 16:46:30.000,19.19904934342012,19.63937399803665,-0.4403246546165285,2025
GBR,coventry,2024-11-18 20:01:00.000,0.0,15.0,0.0,0.0,13.0,2024-11-11 20:01:00.001,12.905125156159208,12.036069594308056,0.8690555618511535,2024
USA,charleston,2024-12-13 08:01:30.000,0.0,0.0,0.0,0.0,0.0,2024-12-06 08:01:30.000,9.163553186561526,9.216078905324714,-0.0525257187631886,2024
IND,pune,2024-11-01 04:16:30.000,37.5,1.0,3.2,10.0,29.0,2024-10-25 04:16:30.001,21.480943931704243,26.072719593263432,-4.59177566155919,2024
NLD,breda,2024-10-19 19:01:30.000,13.5,7.0,1.0,4.0,7.0,2024-10-12 19:01:30.000,9.060791694625948,8.958082385792375,0.1027093088335728,2024
CHL,santiago,2024-12-06 20:45:13.744,2882.1,62.0,436.8,644.0,68.0,2024-11-29 20:45:38.359,23.59524291818883,21.56565209315412,2.0295908250347168,2024
AUT,salzburg,2024-10-31 09:46:00.000,51.7,34.0,7.7,14.0,29.0,2024-10-24 09:01:00.000,13.98112703560436,12.951312559666544,1.0298144759378154,2024
QAT,doha,2024-10-27 14:46:00.000,363.5,32.0,51.0,114.0,30.0,2024-10-20 14:46:00.000,13.78729548850724,12.8352919038801,0.9520035846271392,2024
JPN,nagoya,2024-10-18 20:46:30.000,18.8,2.0,1.8,7.0,2.0,2024-10-11 20:01:30.000,13.40889208692005,13.773956505093686,-0.3650644181736364,2024
ITA,parma,2024-10-15 15:46:30.000,140.7,55.0,28.4,31.0,34.0,2024-10-08 15:46:00.000,15.98098690697726,13.656595448250156,2.3243914587271046,2024
HUN,budapest,2024-10-07 12:46:13.622,213.3,28.0,37.5,63.0,26.0,2024-09-30 12:46:02.159,13.76569123411256,12.853725374447908,0.9119658596646508,2024
NLD,rotterdam,2024-11-15 11:31:30.000,125.1,24.0,18.5,43.0,24.0,2024-11-08 11:46:30.000,12.338969041140151,12.07192996898564,0.2670390721545139,2024
CAN,quebec,2024-11-26 17:46:30.001,54.2,19.0,12.8,20.0,15.0,2024-11-19 17:46:00.001,12.625460415351576,12.132305602215762,0.4931548131358152,2024
USA,minneapolis,2024-10-28 15:01:00.000,60.4,8.0,9.3,23.0,8.0,2024-10-21 15:01:00.000,9.670904715710735,9.511959625488032,0.1589450902227049,2024
NLD,nijmegen,2025-01-04 07:46:30.000,0.0,3.0,0.0,0.0,4.0,2024-12-28 07:46:30.000,11.064277556790556,11.22350195241377,-0.1592243956232142,2025
ITA,taranto,2024-11-01 09:16:30.000,2.2,12.0,0.7,1.0,36.0,2024-10-25 09:46:30.000,11.641752851956618,11.354109013031533,0.287643838925085,2024
USA,atlanta,2024-12-08 12:01:30.000,13.9,0.0,2.2,6.0,0.0,2024-12-01 12:01:30.000,7.933747577159035,7.938646555997936,-0.0048989788389013,2024
ARE,al-ain,2024-11-01 00:01:30.000,0.0,1.0,0.0,0.0,1.0,2024-10-25 00:31:30.000,9.171403221445898,9.34092268456195,-0.1695194631160514,2024
CAN,quebec,2024-10-11 16:46:00.000,143.8,35.0,46.5,43.0,32.0,2024-10-04 16:46:00.000,14.152281011526576,12.887004549050538,1.265276462476038,2024
IND,new-delhi,2024-12-05 13:16:30.000,3890.9,65.0,520.7,895.0,59.0,2024-11-28 13:16:30.071,29.43661987420341,26.80042528585951,2.6361945883439013,2024
ITA,palermo,2024-11-27 11:46:30.001,252.1,71.0,31.3,50.0,54.0,2024-11-20 11:01:00.000,23.58543957636248,20.49776569218876,3.087673884173721,2024
BRA,recife,2024-12-16 09:46:00.000,55.7,18.0,14.0,14.0,22.0,2024-12-09 09:46:00.000,19.0648119369422,20.20734161619828,-1.142529679256075,2024
FRA,le-mans,2024-12-02 03:01:30.000,0.0,4.0,0.0,0.0,2.0,2024-11-25 03:01:30.001,8.75994828343892,8.436680415146117,0.3232678682928025,2024
ESP,alicante,2024-11-21 19:01:30.001,13.1,26.0,2.6,4.0,20.0,2024-11-14 19:01:00.000,17.937649801107302,17.099691072087282,0.8379587290200199,2024
POL,szczecin,2024-10-21 18:01:30.000,3.1,18.0,0.2,1.0,16.0,2024-10-14 18:01:30.001,15.094428991932425,14.605737993783862,0.488690998148563,2024
BEL,ghent,2024-11-03 16:46:30.001,46.8,37.0,27.3,10.0,24.0,2024-10-27 16:46:30.000,11.96219682390456,9.714515416806638,2.2476814070979216,2024
ESP,las-palmas,2024-10-12 11:31:00.000,3.5,7.0,0.4,2.0,13.0,2024-10-05 11:31:00.000,11.768980260232846,11.674675488858608,0.0943047713742384,2024
AUS,canberra,2024-12-22 21:46:30.000,0.0,11.0,0.0,0.0,25.0,2024-12-15 21:46:00.000,11.715617412721397,13.201266723744236,-1.48564931102284,2024
GBR,london,2024-12-12 15:45:44.486,10910.9,77.0,1459.1,2250.0,67.0,2024-12-05 15:45:38.420,24.315832602788724,19.62212913671144,4.693703466077288,2024
DEU,ruhr-region-west,2024-12-22 00:01:30.001,3.5,1.0,0.2,1.0,3.0,2024-12-15 00:01:30.001,9.956372312792652,9.8141694989501,0.1422028138425517,2024
USA,oxnard-thousand-oaks-ventura,2024-10-20 02:01:00.000,11.0,17.0,3.9,4.0,15.0,2024-10-13 02:01:00.001,10.57612039468152,10.126358060722032,0.4497623339594874,2024
USA,salt-lake-city,2024-12-04 20:01:00.000,47.5,15.0,4.5,14.0,18.0,2024-11-27 20:01:00.000,11.727809567901309,11.58743321543907,0.1403763524622387,2024
NLD,utrecht,2024-12-23 11:46:30.000,35.8,22.0,4.1,11.0,19.0,2024-12-16 11:46:30.000,10.670815971691049,10.202992930949222,0.4678230407418269,2024
NOR,stavanger,2024-12-13 19:01:30.000,6.6,5.0,0.2,2.0,4.0,2024-12-06 19:01:30.000,13.19342469269806,13.20845015325405,-0.0150254605559911,2024
GBR,coventry,2024-12-06 03:01:30.000,1.7,2.0,0.2,1.0,3.0,2024-11-29 03:31:30.000,9.470236816460034,9.060880741972104,0.4093560744879294,2024
NLD,haarlem,2024-11-19 11:31:30.000,11.7,35.0,1.9,4.0,33.0,2024-11-12 11:31:30.000,16.105440649754208,14.991905741882569,1.1135349078716406,2024
KWT,kuwait-city,2024-10-11 09:46:30.001,89.8,6.0,6.3,24.0,6.0,2024-10-04 09:31:30.000,9.871482865803603,9.930747207277204,-0.0592643414736002,2024
BEL,charleroi,2024-12-21 03:31:30.000,0.0,1.0,0.0,0.0,0.0,2024-12-14 03:01:30.000,8.37174641337644,8.262272566372786,0.1094738470036542,2024
DEU,leipzig,2024-10-19 15:46:16.461,35.0,24.0,4.6,11.0,21.0,2024-10-12 15:16:08.226,13.648592275418313,12.987505301950636,0.6610869734676754,2024
ITA,palermo,2024-12-06 01:01:30.000,0.0,0.0,0.0,0.0,0.0,2024-11-29 01:01:30.000,13.255911033997558,13.32389999429552,-0.0679889602979617,2024
ITA,genoa,2025-01-06 11:16:30.000,5.7,15.0,1.0,2.0,29.0,2024-12-30 11:01:00.000,14.235998648027,14.354431672054492,-0.1184330240274906,2025
BRA,brasilia,2024-10-09 08:01:30.000,0.0,0.0,0.0,0.0,0.0,2024-10-02 08:01:30.001,10.430377245635777,10.711971475153664,-0.2815942295178892,2024
FRA,le-mans,2024-12-09 00:01:30.000,0.0,0.0,0.0,0.0,0.0,2024-12-02 00:01:30.000,10.120370271362052,10.134351449163749,-0.0139811778016962,2024
GBR,middlesbrough,2025-01-11 00:01:30.000,2.9,4.0,0.2,1.0,2.0,2025-01-04 00:01:30.000,11.331787768780634,11.041568754890545,0.2902190138900895,2025
NLD,groningen,2024-10-28 05:01:30.000,0.0,0.0,0.0,0.0,10.0,2024-10-21 05:46:30.000,7.961972678705143,8.0565566783736,-0.0945839996684565,2024
ARE,sharja,2024-11-27 22:01:30.001,3.6,2.0,1.7,1.0,2.0,2024-11-20 22:01:30.000,10.006732885523856,10.325082242697937,-0.3183493571740783,2024
BRA,sao-paulo,2024-11-21 18:01:09.318,1730.8,39.0,249.6,508.0,55.0,2024-11-14 18:45:24.532,23.635722185623727,22.66468196174607,0.971040223877658,2024
USA,albuquerque,2024-12-14 14:01:30.000,0.0,0.0,0.0,0.0,0.0,2024-12-07 14:01:30.000,8.766484697544634,8.847744288393512,-0.0812595908488784,2024
ITA,padua,2024-11-23 05:01:30.000,0.0,0.0,0.0,0.0,0.0,2024-11-16 05:01:30.000,7.797567681207239,7.815914402237012,-0.0183467210297729,2024
USA,tampa,2024-12-03 22:45:19.071,1791.0,81.0,453.0,396.0,58.0,2024-11-26 22:45:36.896,18.70738215117985,14.329938138258546,4.377444012921304,2024
TUR,adana,2024-10-29 12:16:00.000,67.3,25.0,11.0,17.0,38.0,2024-10-22 12:31:06.235,16.64510613930924,15.643966637078634,1.0011395022306075,2024
USA,new-haven,2024-10-11 18:45:51.193,93.5,32.0,37.6,27.0,32.0,2024-10-04 18:45:24.997,13.071257535166412,12.389033749529212,0.6822237856372002,2024
SVN,ljubljana,2024-10-16 20:01:30.000,0.0,6.0,0.0,0.0,8.0,2024-10-09 20:01:30.000,11.092782533787632,10.887326361094509,0.2054561726931236,2024
AUS,hobart,2024-12-29 00:46:00.000,0.0,17.0,0.0,0.0,22.0,2024-12-22 00:46:00.000,13.866434705236028,13.614304702878204,0.2521300023578234,2024
ITA,florence,2024-11-27 04:01:30.001,9.9,0.0,0.8,1.0,0.0,2024-11-20 04:01:30.000,10.746213665881092,10.39694550126958,0.3492681646115141,2024
SAU,riyadh,2024-10-11 11:31:30.000,296.3,8.0,45.5,68.0,8.0,2024-10-04 11:31:30.001,10.654484953105678,10.72339518448792,-0.068910231382242,2024
JPN,kobe,2024-12-14 21:16:30.000,1.0,2.0,0.1,1.0,3.0,2024-12-07 21:16:30.000,11.695166411248072,11.831263878358229,-0.1360974671101562,2024
ITA,prato,2024-11-11 14:46:30.000,37.7,35.0,8.6,13.0,30.0,2024-11-04 14:31:30.000,15.521396045464575,14.42684874355306,1.0945473019115184,2024
ESP,zaragoza,2024-12-31 23:46:30.000,0.0,5.0,0.0,0.0,11.0,2024-12-24 23:46:30.000,15.439259416234435,14.871338746241802,0.5679206699926347,2024
CAN,vancouver,2024-11-09 01:46:00.000,1230.8,81.0,232.9,269.0,67.0,2024-11-02 01:01:00.000,24.40949107093248,20.81758122169845,3.5919098492340247,2024
CHE,basel,2024-11-01 18:01:30.000,35.6,41.0,8.8,13.0,30.0,2024-10-25 18:01:30.000,16.153592077123736,14.813356428239253,1.3402356488844855,2024
DEU,dresden,2024-12-21 10:46:09.052,48.3,40.0,5.6,12.0,32.0,2024-12-14 10:45:53.149,16.22356751715923,14.01919512717794,2.2043723899812893,2024
ITA,reggio-emilia,2024-12-05 17:31:00.000,226.1,74.0,33.9,47.0,78.0,2024-11-28 17:31:00.000,17.367177427538575,14.074272003593682,3.2929054239448927,2024
NOR,bergen,2024-12-31 09:46:30.000,0.0,3.0,0.0,0.0,1.0,2024-12-24 09:31:30.000,12.78827052887264,13.346642532185646,-0.5583720033130071,2024
DNK,copenhagen,2025-01-07 20:01:30.000,1.1,5.0,0.0,1.0,5.0,2024-12-31 20:16:30.000,12.79212275827012,12.714008874611558,0.0781138836585615,2025
ITA,ravenna,2025-01-05 19:01:00.001,0.0,6.0,0.0,0.0,6.0,2024-12-29 19:01:30.001,11.733886955609126,12.340001433273862,-0.606114477664736,2025
FRA,marseille,2024-12-28 18:01:12.188,50.9,28.0,7.8,20.0,54.0,2024-12-21 18:01:00.158,17.49022994960648,18.76599070191922,-1.2757607523127383,2024
JPN,tokyo,2024-11-23 16:01:30.000,91.7,7.0,7.4,31.0,7.0,2024-11-16 16:01:30.000,18.20855306773485,18.34522442212614,-0.1366713543912858,2024
DEU,bielefeld,2024-12-06 20:01:00.001,0.0,14.0,0.0,0.0,13.0,2024-11-29 20:31:00.001,11.18439439104822,10.524847501935112,0.6595468891131055,2024
ITA,florence,2024-11-15 13:31:00.000,87.6,31.0,10.8,24.0,38.0,2024-11-08 13:31:00.000,15.334590024833874,14.42545312738487,0.9091368974490042,2024
ARE,abu-dhabi,2024-11-27 06:01:30.000,103.8,15.0,26.6,38.0,14.0,2024-11-20 06:01:30.000,10.111031794027577,9.929664793357794,0.1813670006697822,2024
USA,new-york,2024-10-12 12:46:00.278,523.2,9.0,82.9,157.0,10.0,2024-10-05 12:46:07.104,14.711792838673013,14.059249898782657,0.6525429398903579,2024
USA,baton-rouge,2024-12-01 16:45:46.493,51.0,32.0,16.5,5.0,8.0,2024-11-24 16:46:00.364,12.922711835034,10.40336685367037,2.5193449813636306,2024
HUN,budapest,2024-11-19 23:01:00.000,48.5,14.0,5.4,15.0,4.0,2024-11-12 23:01:30.001,11.79131668547273,10.341193017537426,1.4501236679353031,2024
DEU,bonn,2025-01-01 02:01:30.000,2.4,1.0,0.4,1.0,0.0,2024-12-25 02:01:30.001,11.537020787912958,10.776309998655169,0.7607107892577911,2025
TUR,istanbul,2025-01-06 14:46:00.001,3972.7,98.0,592.3,1007.0,117.0,2024-12-30 14:46:00.001,28.54020602001776,24.5370747434784,4.0031312765393565,2025
CAN,kitchener-waterloo,2024-11-12 09:01:30.000,0.0,0.0,0.0,0.0,0.0,2024-11-05 09:01:30.000,10.526795819473325,10.633526807698344,-0.1067309882250224,2024
DNK,copenhagen,2024-12-02 07:16:30.001,778.4,74.0,151.6,171.0,59.0,2024-11-25 07:16:30.000,20.494680580277368,16.369727284424393,4.124953295852976,2024
POL,szczecin,2024-12-01 18:01:30.000,0.0,16.0,0.0,0.0,13.0,2024-11-24 18:01:30.000,14.0622928918053,13.627964556539691,0.4343283352656062,2024
AUS,canberra,2024-10-27 11:01:30.000,2.7,3.0,0.3,1.0,3.0,2024-10-20 11:01:30.001,11.044832978663218,11.02313989528496,0.0216930833782562,2024
ZAF,cape-town,2024-10-30 14:46:30.000,1405.4,61.0,257.8,325.0,56.0,2024-10-23 14:46:30.000,20.82167190886588,18.65295823718265,2.1687136716832285,2024
DEU,aachen,2024-10-25 07:00:58.041,2.6,23.0,0.2,1.0,25.0,2024-10-18 07:00:57.511,13.847970099985403,13.796958502897011,0.0510115970883919,2024
USA,albuquerque,2025-01-01 22:31:30.000,5.8,10.0,0.8,2.0,6.0,2024-12-25 22:31:30.000,11.087176638572137,11.16415447056007,-0.0769778319879357,2025
NZL,dunedin,2025-01-03 15:01:30.000,0.0,0.0,0.0,0.0,0.0,2024-12-27 15:01:30.000,14.845313995054742,14.987520755624915,-0.1422067605701755,2025
ITA,ravenna,2024-10-11 23:01:30.000,0.0,0.0,0.0,0.0,0.0,2024-10-04 23:01:30.001,11.182860781599963,10.9487284033725,0.2341323782274642,2024
DEU,kassel,2025-01-08 16:01:11.437,26.1,47.0,4.7,10.0,13.0,2025-01-01 16:31:00.000,20.79139356627692,21.81114005256841,-1.019746486291499,2025
ZAF,cape-town,2024-10-28 16:01:30.000,459.6,43.0,95.8,134.0,46.0,2024-10-21 16:01:30.001,18.20347588254678,17.311062329531673,0.8924135530151069,2024
PER,lima,2024-10-22 12:46:30.000,3056.8,63.0,324.5,595.0,58.0,2024-10-15 12:46:30.000,33.3903958452884,28.9229408917899,4.467454953498503,2024
USA,san-jose,2024-11-16 20:46:30.000,203.2,31.0,47.6,67.0,30.0,2024-11-09 20:31:30.001,13.32899714152791,12.469317472347855,0.8596796691800535,2024
USA,buffalo,2024-10-20 16:45:47.076,28.1,8.0,4.2,9.0,9.0,2024-10-13 16:46:05.924,11.154320000441691,11.1075483368797,0.0467716635619925,2024
MEX,mexico-city,2025-01-11 06:01:30.001,83.9,6.0,11.9,27.0,1.0,2025-01-04 06:01:30.000,17.87816351760967,17.03224799422244,0.8459155233872302,2025
NLD,rotterdam,2025-01-09 03:01:30.000,0.0,0.0,0.0,0.0,0.0,2025-01-02 03:01:30.000,8.333095447532889,8.330138058325694,0.0029573892071947,2025
FRA,marseille,2025-01-10 13:01:09.363,90.2,34.0,12.3,30.0,31.0,2025-01-03 13:46:08.589,18.355237266714376,18.30728223703155,0.047955029682825,2025
SAU,medina,2024-10-10 16:31:00.001,116.5,14.0,12.6,34.0,13.0,2024-10-03 16:31:00.000,12.728839123121809,12.526197005235767,0.2026421178860395,2024
USA,dayton,2024-12-07 16:46:30.000,2.8,9.0,0.4,1.0,7.0,2024-11-30 16:46:30.000,10.263605119289672,10.167319841570055,0.0962852777196161,2024
USA,baton-rouge,2024-10-04 22:00:54.227,301.2,67.0,71.9,72.0,54.0,2024-09-27 22:00:43.801,17.812587599786593,14.844248332690563,2.968339267096029,2024
ARE,al-ain,2024-12-04 01:01:30.001,4.4,0.0,0.2,1.0,0.0,2024-11-27 01:01:30.001,8.720749724115729,8.901500003658763,-0.1807502795430338,2024
USA,cleveland,2024-11-13 00:01:30.000,20.6,12.0,4.5,8.0,11.0,2024-11-06 00:01:30.000,10.994677330435216,10.702764260123155,0.2919130703120576,2024
USA,miami,2024-10-31 04:01:30.000,72.7,5.0,6.1,11.0,3.0,2024-10-24 04:01:30.000,10.821160901451917,10.200393577751028,0.620767323700889,2024
USA,las-vegas,2024-11-14 17:01:00.001,277.0,23.0,45.4,95.0,28.0,2024-11-07 17:01:00.000,13.25871186049519,12.430721115235322,0.8279907452598678,2024
JPN,nagoya,2024-11-29 09:15:47.908,5623.7,74.0,888.4,1285.0,77.0,2024-11-22 09:15:14.562,26.067672023397744,23.32722548811281,2.740446535284935,2024
BEL,charleroi,2024-12-05 16:01:30.000,203.1,42.0,29.3,46.0,37.0,2024-11-28 16:01:30.000,12.671391164122356,11.169572957215273,1.5018182069070818,2024
TWN,kaohsiung,2024-11-10 01:46:00.000,38.6,21.0,7.1,16.0,20.0,2024-11-03 01:46:00.000,19.99785586674737,18.429344080208207,1.5685117865391651,2024
PHL,manila,2024-11-28 15:01:00.000,808.6,61.0,97.7,160.0,50.0,2024-11-21 15:01:30.000,26.584972179640104,20.97595223140668,5.609019948233431,2024
BEL,mons,2024-11-22 00:01:30.000,0.0,0.0,0.0,0.0,0.0,2024-11-15 00:01:30.000,8.404314902415882,8.357611032201607,0.0467038702142748,2024
FRA,rouen,2024-10-14 20:01:30.000,0.0,5.0,0.0,0.0,6.0,2024-10-07 20:01:30.001,13.124649856429,12.732642995875608,0.3920068605533906,2024
CZE,ostrava,2024-12-15 20:31:30.001,3.6,4.0,0.5,1.0,3.0,2024-12-08 20:01:30.000,10.199351121917308,10.1641207020631,0.035230419854205,2024
NLD,almere,2024-12-30 04:01:30.000,0.0,0.0,0.0,0.0,0.0,2024-12-23 04:01:30.000,7.811482096744249,7.999805823029737,-0.1883237262854882,2024
AUS,brisbane,2024-12-27 03:01:00.000,53.5,21.0,9.8,15.0,42.0,2024-12-20 03:01:00.000,14.103788150253171,14.394363142260048,-0.2905749920068743,2024
IND,bangalore,2025-01-08 03:16:30.000,771.8,34.0,89.3,177.0,3.0,2025-01-01 03:16:30.000,29.000408404683075,26.58885447205915,2.4115539326239244,2025
USA,worcester,2024-12-10 05:01:30.001,0.0,2.0,0.0,0.0,0.0,2024-12-03 05:01:30.000,8.53786728737951,8.326397337349562,0.211469950029949,2024
USA,baton-rouge,2024-12-03 19:00:53.511,65.4,22.0,10.9,21.0,40.0,2024-11-26 19:45:49.370,12.979261930988976,12.797997491837672,0.1812644391513025,2024
USA,orlando,2024-11-01 17:01:07.887,102.7,26.0,18.2,37.0,28.0,2024-10-25 17:30:34.057,12.659072475714709,11.947792322660076,0.7112801530546324,2024
TUR,izmir,2024-12-01 15:46:30.000,208.8,41.0,34.1,51.0,35.0,2024-11-24 15:01:00.000,17.263451644414832,14.343646430172637,2.919805214242196,2024
FRA,nancy,2024-10-19 05:46:30.001,0.0,4.0,0.0,0.0,5.0,2024-10-12 05:46:30.000,11.508610897804594,11.304585633079816,0.2040252647247786,2024
QAT,doha,2025-01-09 01:01:30.000,7.2,5.0,0.6,2.0,5.0,2025-01-02 01:01:30.000,11.2400900505633,11.30397403432828,-0.0638839837649811,2025
AUS,canberra,2025-01-07 18:01:30.000,0.0,0.0,0.0,0.0,0.0,2024-12-31 18:01:30.000,9.366930493068642,9.432812870443763,-0.0658823773751215,2025
ITA,catania,2024-10-11 15:31:00.000,255.3,53.0,54.1,64.0,60.0,2024-10-04 15:46:00.000,18.537395805876887,16.761321946442607,1.7760738594342804,2024
CAN,london,2025-01-12 00:01:00.000,16.0,25.0,1.3,6.0,17.0,2025-01-05 00:01:00.001,16.233689000027415,14.982927681237738,1.2507613187896762,2025
SWE,stockholm,2024-10-27 12:46:30.000,161.1,38.0,42.1,49.0,31.0,2024-10-20 12:01:30.001,16.57295895724353,14.55534262631295,2.0176163309305792,2024
SAU,dammam,2024-12-14 21:01:30.000,22.7,6.0,1.7,10.0,6.0,2024-12-07 21:01:00.000,10.15991540654156,10.559951363635967,-0.4000359570944081,2024
SAU,jeddah,2024-12-30 01:01:30.001,5.2,1.0,0.7,2.0,0.0,2024-12-23 01:01:30.001,9.698083522094365,10.022942796487722,-0.3248592743933578,2024
NZL,christchurch,2024-10-26 13:01:30.000,2.9,3.0,0.3,1.0,7.0,2024-10-19 13:01:30.001,14.97188503243156,14.63225537926821,0.3396296531633496,2024
BRA,rio-de-janeiro,2024-12-19 01:01:03.266,92.5,13.0,11.5,31.0,11.0,2024-12-12 01:01:00.000,15.956902347770049,15.266972580640909,0.68992976712914,2024
ARE,abu-dhabi,2024-10-11 18:01:00.000,128.1,16.0,14.7,44.0,16.0,2024-10-04 18:01:00.000,10.445447653585902,10.443071269559796,0.0023763840261068,2024
ITA,livorno,2024-10-29 13:31:30.000,7.7,20.0,4.4,4.0,20.0,2024-10-22 13:46:30.000,15.669323538820652,14.872293361171971,0.797030177648681,2024
USA,bakersfield,2024-11-07 18:01:30.001,3.2,18.0,0.2,1.0,23.0,2024-10-31 18:31:30.000,11.632106566201989,11.46476419646093,0.1673423697410569,2024
SGP,singapore,2024-10-09 15:01:00.001,88.7,17.0,9.2,33.0,18.0,2024-10-02 15:01:00.000,13.955767034475446,14.210106312581054,-0.2543392781056077,2024
GBR,manchester,2024-12-25 00:01:30.000,0.0,3.0,0.0,0.0,5.0,2024-12-18 00:01:30.000,14.21528771991686,13.35400500478521,0.8612827151316491,2024
DEU,munster,2024-10-22 08:00:43.016,20.5,24.0,2.3,6.0,31.0,2024-10-15 08:31:09.020,12.774774449189314,12.340363654329431,0.4344107948598807,2024
ITA,verona,2024-11-05 10:16:30.000,14.7,21.0,3.7,6.0,26.0,2024-10-29 10:01:00.000,11.799439718194542,11.70740392849236,0.0920357897021819,2024
TUR,izmir,2024-12-25 11:01:00.000,338.7,35.0,43.1,102.0,33.0,2024-12-18 11:16:00.000,17.208550174438663,15.746099546737549,1.462450627701115,2024
USA,sacramento,2024-11-13 20:46:30.000,127.8,26.0,24.6,35.0,25.0,2024-11-06 20:46:30.000,12.544078863034825,12.186897048822434,0.3571818142123888,2024
USA,akron,2024-10-18 20:01:00.000,119.7,20.0,30.2,39.0,17.0,2024-10-11 20:01:00.001,11.315402473304111,10.788252501068351,0.52714997223576,2024
USA,worcester,2024-11-12 18:00:55.930,32.4,17.0,3.8,10.0,19.0,2024-11-05 18:16:00.792,10.996693785845135,10.878567474561889,0.1181263112832482,2024
CZE,prague,2024-11-06 18:01:30.001,217.2,47.0,25.0,52.0,58.0,2024-10-30 18:01:30.001,18.287315798708747,15.839829012514098,2.4474867861946485,2024
JPN,osaka,2024-12-20 17:01:30.001,19.9,9.0,4.8,10.0,9.0,2024-12-13 17:01:30.000,16.728914251086792,16.784588168557747,-0.0556739174709548,2024
ARE,sharja,2024-12-23 11:46:00.000,196.9,38.0,44.2,57.0,40.0,2024-12-16 11:46:00.000,13.834674658636692,14.26045596099662,-0.4257813023599279,2024
POL,bydgoszcz,2025-01-11 15:46:30.000,1.4,30.0,4.2,1.0,24.0,2025-01-04 15:46:30.000,15.499055614617523,13.708324341448655,1.790731273168868,2025
USA,rochester,2024-11-13 02:01:00.000,4.1,5.0,0.2,1.0,5.0,2024-11-06 02:01:00.000,10.42786177131052,10.510399388588905,-0.0825376172783816,2024
USA,st-louis,2024-10-07 07:01:30.000,8.2,0.0,0.5,2.0,0.0,2024-09-30 07:01:30.000,8.165273802822483,8.301615519854597,-0.1363417170321135,2024
USA,birmingham,2024-12-12 18:30:25.422,38.3,19.0,6.6,18.0,21.0,2024-12-05 18:45:48.000,10.839033155552888,10.424013670713654,0.4150194848392328,2024
TUR,adana,2024-12-22 05:46:30.000,2.3,6.0,0.2,1.0,5.0,2024-12-15 05:46:30.000,12.9745911561369,12.754044965306878,0.2205461908300225,2024
ITA,parma,2024-11-04 10:01:30.000,2.0,20.0,2.0,1.0,20.0,2024-10-28 10:01:30.001,11.973494044259034,11.65336322350712,0.3201308207519133,2024
TUR,antalya,2024-10-22 11:46:00.000,77.4,31.0,8.7,29.0,28.0,2024-10-15 11:46:19.794,19.64970709314706,18.228558979070243,1.4211481140768178,2024
FRA,lille,2024-11-08 19:01:07.596,110.3,28.0,9.5,30.0,24.0,2024-11-01 19:01:05.115,15.985024214489432,14.922982468774393,1.0620417457150406,2024
BRA,porto-alegre,2024-11-15 10:46:00.001,19.9,5.0,6.3,6.0,45.0,2024-11-08 10:45:44.331,13.234246381395794,12.48493831844765,0.7493080629481437,2024
CAN,halifax,2024-12-12 21:01:00.001,246.9,60.0,31.0,53.0,39.0,2024-12-05 21:01:00.001,20.49189199809101,18.69652918909272,1.7953628089982845,2024
DEU,ruhr-region-west,2024-12-28 22:01:00.000,5.5,5.0,0.5,2.0,9.0,2024-12-21 22:01:30.001,10.03929307906594,9.946376304821186,0.0929167742447543,2024
CHE,geneva,2024-12-07 04:01:30.000,0.0,0.0,0.0,0.0,0.0,2024-11-30 04:01:30.000,17.484721199649705,16.830189620270644,0.6545315793790607,2024
ESP,vitoria-gasteiz,2024-12-04 20:01:30.001,1.8,18.0,0.1,1.0,17.0,2024-11-27 20:01:30.000,15.733937803232338,15.163764052975823,0.5701737502565152,2024
DEU,stuttgart,2024-11-12 03:01:30.000,5.8,0.0,0.1,1.0,0.0,2024-11-05 03:01:30.001,11.731035088165427,11.484437972130957,0.2465971160344704,2024
ITA,padua,2025-01-02 03:01:30.000,0.0,0.0,0.0,0.0,0.0,2024-12-26 03:01:30.000,7.491581058474664,7.717418305616153,-0.2258372471414889,2025
IDN,jakarta,2024-10-02 15:01:30.000,385.3,19.0,65.7,85.0,25.0,2024-09-25 15:01:30.000,17.456881354009294,16.707845572130864,0.7490357818784297,2024
POL,gdansk-gdynia-sopot,2025-01-03 09:46:30.000,17.0,17.0,2.4,7.0,11.0,2024-12-27 09:46:30.000,14.032413668902832,14.826219891390508,-0.7938062224876763,2025
BRA,rio-de-janeiro,2024-10-19 02:01:00.001,121.4,11.0,12.4,33.0,7.0,2024-10-12 02:01:00.000,15.6116923865137,14.957325563960223,0.6543668225534738,2024
ZAF,pretoria,2024-11-14 03:01:30.001,0.6,0.0,1.5,1.0,1.0,2024-11-07 03:46:30.001,9.419247008648448,9.382956735303008,0.0362902733454397,2024
USA,indianapolis,2024-11-02 23:01:00.000,67.9,14.0,10.1,17.0,14.0,2024-10-26 23:01:00.000,11.095514051610088,10.604769116223324,0.4907449353867648,2024
CHE,lugano,2024-12-20 13:46:30.000,113.9,53.0,17.3,24.0,48.0,2024-12-13 13:16:30.000,18.03872925608848,15.421452675326444,2.617276580762029,2024
USA,columbus,2024-10-10 17:01:30.001,84.9,18.0,15.1,25.0,20.0,2024-10-03 17:01:30.000,11.518711161667436,11.10772410895356,0.4109870527138746,2024
FRA,orleans,2024-11-15 07:46:00.753,60.5,34.0,13.0,22.0,37.0,2024-11-08 07:45:46.901,15.139080687318698,13.879524190095614,1.259556497223084,2024
BRA,porto-alegre,2024-11-23 17:01:06.197,32.4,14.0,3.2,10.0,8.0,2024-11-16 17:46:19.123,15.946042461355528,16.31824991399101,-0.3722074526354824,2024
BEL,liege,2024-11-25 23:01:30.000,1.5,0.0,0.1,1.0,1.0,2024-11-18 23:01:30.001,10.1317769510332,10.062821377409016,0.0689555736241818,2024
ITA,modena,2024-11-06 16:46:00.001,38.8,35.0,14.2,13.0,40.0,2024-10-30 16:46:00.000,12.816814225077485,12.035732503352056,0.7810817217254264,2024
LUX,luxembourg,2024-10-04 08:01:30.000,9.7,29.0,1.1,3.0,37.0,2024-09-27 08:01:30.000,14.115295840233316,13.669040084559867,0.4462557556734481,2024
ITA,parma,2024-11-13 17:31:00.000,128.2,71.0,30.4,36.0,56.0,2024-11-06 17:31:00.000,17.62149355907268,13.634790049851365,3.9867035092213134,2024
ESP,barcelona,2024-12-17 02:01:30.000,0.5,3.0,0.3,1.0,3.0,2024-12-10 02:01:30.000,19.032824266087168,18.301794752081143,0.7310295140060248,2024
DEU,wuppertal,2024-11-14 17:00:24.297,30.9,45.0,18.3,9.0,54.0,2024-11-07 17:00:57.393,13.738921760817592,13.012243770487755,0.7266779903298364,2024
FRA,strasbourg,2024-10-18 22:01:30.000,0.0,6.0,0.0,0.0,19.0,2024-10-11 22:01:30.001,15.253446934768114,14.864375422290845,0.389071512477269,2024
USA,cleveland,2024-12-17 19:01:30.000,59.8,14.0,9.9,21.0,19.0,2024-12-10 19:46:30.001,11.034495970433683,10.769292882984692,0.2652030874489934,2024
BGR,sofia,2024-12-26 16:01:00.000,34.9,17.0,3.5,8.0,111.0,2024-12-19 16:01:30.000,15.895837575213358,21.794167974693,-5.898330399479635,2024
CHE,basel,2024-12-02 04:01:30.000,0.0,0.0,0.0,0.0,0.0,2024-11-25 04:01:30.000,9.924888315740963,10.00449134925458,-0.0796030335136137,2024
USA,allentown,2025-01-05 19:01:00.000,1.3,7.0,2.0,1.0,8.0,2024-12-29 19:01:00.000,10.65767415012954,10.876164773958328,-0.2184906238287887,2025
FRA,rennes,2024-11-20 17:00:14.666,251.0,79.0,57.1,62.0,57.0,2024-11-13 17:30:30.328,19.90507083001698,16.492680539287864,3.412390290729117,2024
USA,oxnard-thousand-oaks-ventura,2024-12-08 09:01:30.000,2.5,0.0,0.3,1.0,0.0,2024-12-01 09:01:30.000,7.756545702437567,7.8533792858888285,-0.0968335834512617,2024
JPN,sapporo,2024-10-20 18:01:30.001,0.0,1.0,0.0,0.0,2.0,2024-10-13 18:01:30.000,17.562383762091944,18.30928187462178,-0.7468981125298377,2024
GBR,stoke-on-trent,2024-12-08 05:01:30.000,0.0,0.0,0.0,0.0,0.0,2024-12-01 05:01:30.000,9.916796592630003,9.666215798507393,0.2505807941226123,2024
DEU,wiesbaden,2024-12-11 04:01:00.000,0.0,0.0,0.0,0.0,0.0,2024-12-04 04:01:00.000,11.175430814431866,10.854420499881986,0.3210103145498806,2024
USA,akron,2024-10-28 16:16:30.001,44.4,11.0,6.0,12.0,12.0,2024-10-21 16:31:30.000,10.433036993049123,10.329131545358672,0.103905447690451,2024
TWN,kaohsiung,2024-12-08 10:00:27.089,163.8,45.0,40.3,57.0,44.0,2024-12-01 10:00:37.498,25.336831109743446,22.776906111632883,2.559924998110564,2024
TWN,taipei,2024-11-04 09:45:58.358,947.7,58.0,239.6,302.0,54.0,2024-10-28 09:30:33.203,26.44307890397275,23.81829896017421,2.62477994379854,2024
USA,phoenix,2024-10-21 23:46:00.000,1223.2,46.0,335.9,296.0,27.0,2024-10-14 23:01:30.000,13.965674497525898,11.737319821974516,2.2283546755513832,2024
USA,detroit,2024-11-11 15:01:00.000,64.3,10.0,12.8,19.0,12.0,2024-11-04 15:01:36.683,10.286565788787932,9.601884626590588,0.6846811621973448,2024
NZL,wellington,2024-11-22 06:01:30.000,17.2,22.0,2.3,6.0,19.0,2024-11-15 06:01:30.000,16.76060889007058,16.510103176416003,0.2505057136545758,2024
DEU,ruhr-region-west,2024-11-21 09:00:47.617,127.3,26.0,41.2,44.0,29.0,2024-11-14 09:00:51.891,12.482719687110304,11.964239679972687,0.5184800071376152,2024
HUN,budapest,2024-12-25 05:01:30.000,0.0,2.0,0.0,0.0,21.0,2024-12-18 05:46:03.386,10.44563008275013,10.162262485862769,0.2833675968873628,2024
FRA,marseille,2024-11-12 00:01:30.000,5.3,0.0,1.8,2.0,0.0,2024-11-05 00:01:30.000,13.859642522553434,13.580832078057982,0.278810444495452,2024
ITA,parma,2024-11-18 16:01:00.000,15.9,27.0,4.4,6.0,52.0,2024-11-11 16:46:00.000,12.980310080858036,12.64683812690943,0.3334719539486066,2024
DEU,bremen,2024-10-25 18:01:01.637,19.3,20.0,2.2,4.0,21.0,2024-10-18 18:01:05.085,11.584512358847537,10.88159364748995,0.7029187113575865,2024
DEU,ruhr-region-east,2024-10-14 09:45:50.170,83.9,21.0,20.4,25.0,21.0,2024-10-07 09:15:50.993,11.548736440498097,11.094165383856875,0.4545710566412175,2024
ESP,a-coruna,2024-10-04 06:46:00.001,64.8,41.0,7.8,19.0,38.0,2024-09-27 06:46:00.001,19.539909275469967,16.79011508957069,2.749794185899276,2024
POL,krakow,2024-12-13 22:01:30.000,2.1,11.0,0.1,1.0,14.0,2024-12-06 22:01:30.000,15.769301635251544,15.082870998220413,0.6864306370311333,2024
DEU,cologne,2025-01-04 04:01:30.000,3.1,0.0,0.2,1.0,0.0,2024-12-28 04:01:30.001,9.627285800949702,9.39177169255346,0.2355141083962415,2025
NLD,apeldoorn,2024-12-16 18:01:30.000,0.0,13.0,0.0,0.0,14.0,2024-12-09 18:01:30.000,10.68740626416535,10.657607479992128,0.0297987841732219,2024
DEU,bonn,2024-12-29 18:01:00.000,0.0,12.0,0.0,0.0,13.0,2024-12-22 18:01:00.501,11.960568802575844,11.791499543354574,0.1690692592212688,2024
DNK,aarhus,2024-10-28 16:01:00.000,72.1,52.0,7.7,17.0,28.0,2024-10-21 16:16:30.000,19.73743623829475,16.536725428348657,3.200710809946095,2024
USA,louisville,2024-11-17 17:46:00.000,22.0,12.0,2.9,6.0,13.0,2024-11-10 17:46:00.000,10.404024981648476,10.173771797676338,0.2302531839721382,2024
DEU,bonn,2024-10-30 07:15:26.795,114.6,53.0,33.0,34.0,24.0,2024-10-23 07:01:00.641,16.404696312624377,14.60838892970181,1.796307382922567,2024
FRA,brest,2024-10-29 13:01:05.666,58.7,31.0,5.4,16.0,34.0,2024-10-22 13:46:08.784,16.730326913863088,15.3464943980266,1.383832515836488,2024
USA,minneapolis,2024-10-05 23:01:00.000,126.0,13.0,24.5,38.0,16.0,2024-09-28 23:01:00.000,10.411143189156723,10.116233837390563,0.2949093517661598,2024
PRT,porto,2024-11-08 17:46:30.000,1116.9,79.0,177.2,307.0,21.0,2024-11-01 17:01:30.000,21.385809193509267,18.505079561461567,2.8807296320477,2024
KWT,kuwait-city,2024-11-29 15:16:00.000,611.7,22.0,68.4,147.0,23.0,2024-11-22 15:31:00.000,10.99454670260035,10.349664258757237,0.6448824438431124,2024
ISL,reykjavik,2024-12-11 15:46:00.001,36.3,32.0,6.0,9.0,41.0,2024-12-04 15:46:00.000,16.650142243175274,16.052121595438283,0.5980206477369912,2024
LTU,vilnius,2024-11-16 17:01:30.000,8.5,20.0,0.9,2.0,18.0,2024-11-09 17:01:30.001,15.639504950311585,14.694345133500054,0.9451598168115308,2024
BRA,fortaleza,2024-12-07 15:00:38.729,336.9,28.0,32.3,72.0,27.0,2024-11-30 15:00:58.699,21.67281537248036,20.68130801095264,0.991507361527713,2024
EST,tallinn,2024-10-15 20:01:30.000,0.0,5.0,0.0,0.0,5.0,2024-10-08 20:01:30.000,14.087250271580798,13.744996804464328,0.3422534671164694,2024
USA,worcester,2024-11-06 17:46:16.250,18.8,18.0,3.0,7.0,17.0,2024-10-30 17:00:45.397,11.046458118213646,10.816136159929444,0.2303219582842022,2024
ESP,cordoba,2024-12-26 09:31:30.000,6.6,14.0,0.5,3.0,16.0,2024-12-19 09:01:00.000,14.470070212221325,14.601408086201983,-0.1313378739806587,2024
POL,lodz,2024-11-09 07:46:30.000,6.2,17.0,0.7,2.0,12.0,2024-11-02 07:46:30.001,17.111525821812734,16.62685901894022,0.484666802872514,2024
ARE,abu-dhabi,2024-10-06 04:31:30.000,42.9,9.0,9.3,14.0,9.0,2024-09-29 04:01:30.000,9.298123447408257,9.192624254525706,0.105499192882549,2024
DNK,odense,2025-01-10 13:46:00.000,27.1,30.0,4.2,10.0,31.0,2025-01-03 13:46:30.001,14.155739660046711,14.350531716683818,-0.194792056637107,2025
ARE,sharja,2024-10-10 02:46:30.000,1023.8,87.0,104.3,191.0,81.0,2024-10-03 02:46:30.000,19.046551053241984,13.301521675207043,5.745029378034939,2024
USA,denver,2024-12-08 22:01:00.000,66.7,13.0,12.7,31.0,15.0,2024-12-01 22:16:00.001,11.417131722472892,11.270054207217278,0.1470775152556136,2024
USA,honolulu,2024-10-11 23:01:00.000,149.6,37.0,33.7,39.0,24.0,2024-10-04 23:01:00.001,16.700236252532093,15.161041798253756,1.5391944542783378,2024
NLD,apeldoorn,2024-10-12 04:01:30.000,0.0,0.0,0.0,0.0,0.0,2024-10-05 04:01:30.000,6.975474809123932,7.1163542657758185,-0.1408794566518869,2024
USA,milwaukee,2025-01-08 17:46:00.001,18.2,10.0,2.5,8.0,5.0,2025-01-01 17:31:00.000,11.065821487330128,11.135902381824517,-0.0700808944943869,2025
NLD,haarlem,2024-10-15 05:16:32.244,0.0,13.0,0.0,0.0,38.0,2024-10-08 05:46:30.001,11.62978421388041,11.38873002461794,0.2410541892624706,2024
USA,san-francisco,2025-01-01 18:01:30.000,37.3,5.0,5.2,9.0,4.0,2024-12-25 18:46:30.000,11.325785110072324,11.63798285957938,-0.3121977495070567,2025
USA,austin,2024-12-09 21:45:56.014,484.1,34.0,128.1,156.0,31.0,2024-12-02 21:45:25.210,13.278156377716586,11.900084829629376,1.3780715480872114,2024
USA,winston-salem,2024-12-09 11:46:00.000,22.6,7.0,5.7,6.0,0.0,2024-12-02 11:01:30.000,8.07008962271507,7.694954317128197,0.3751353055868724,2024
ITA,reggio-calabria,2024-10-27 17:01:00.104,45.0,45.0,6.2,11.0,55.0,2024-10-20 17:01:00.000,18.948955046057574,16.02315545694691,2.925799589110664,2024
CAN,london,2024-11-22 23:01:00.000,85.8,43.0,11.9,21.0,44.0,2024-11-15 23:01:00.000,18.007567310291115,15.848505122516848,2.159062187774268,2024
DEU,monchengladbach,2024-12-05 18:00:55.525,7.6,31.0,0.9,1.0,25.0,2024-11-28 18:01:17.973,13.936491188563132,12.208896079784328,1.7275951087788035,2024
PRT,porto,2024-11-20 13:46:30.000,138.5,27.0,20.7,44.0,20.0,2024-11-13 13:01:30.000,15.505370555367698,14.615724652889522,0.8896459024781755,2024
BRA,porto-alegre,2025-01-06 16:45:54.345,13.9,15.0,1.8,6.0,9.0,2024-12-30 16:31:01.208,15.91761350623772,17.3864064560483,-1.4687929498105792,2025
GBR,liverpool,2024-12-12 21:01:00.001,5.6,15.0,0.4,2.0,16.0,2024-12-05 21:01:00.000,15.600884744153657,14.744023237288534,0.8568615068651226,2024
ZAF,johannesburg,2024-12-08 06:46:30.000,117.2,10.0,12.5,47.0,11.0,2024-12-01 06:46:30.000,12.9959735319267,12.305571491495268,0.690402040431433,2024
IND,bangalore,2025-01-06 13:16:30.000,1905.5,70.0,228.8,442.0,54.0,2024-12-30 13:16:30.000,37.647521406594535,32.5422318955144,5.105289511080137,2025
BEL,leuven,2024-11-05 06:46:30.001,61.2,55.0,16.4,10.0,26.0,2024-10-29 06:46:30.001,13.90572386752856,11.510854729051651,2.394869138476908,2024
ESP,murcia,2024-11-23 19:01:00.000,206.3,51.0,16.5,35.0,30.0,2024-11-16 19:31:30.001,20.274928004090143,15.761168196594625,4.513759807495521,2024
ESP,vigo,2025-01-04 20:01:00.000,0.0,14.0,0.0,0.0,16.0,2024-12-28 20:01:30.000,14.707114162917373,14.361341469411116,0.3457726935062553,2025
NZL,dunedin,2024-11-28 12:16:30.001,0.0,2.0,0.0,0.0,0.0,2024-11-21 12:01:30.000,15.89564821842174,15.225290121989987,0.6703580964317517,2024
GBR,liverpool,2024-11-29 03:01:30.001,0.0,0.0,0.0,0.0,1.0,2024-11-22 03:01:30.001,14.24272698864246,13.505205954753873,0.7375210338885871,2024
USA,atlanta,2024-11-09 05:01:00.000,91.6,5.0,9.2,17.0,3.0,2024-11-02 05:01:30.000,9.407136865153818,9.193813568602677,0.2133232965511435,2024
CAN,quebec,2024-10-30 03:01:30.000,0.0,0.0,0.0,0.0,1.0,2024-10-23 03:01:30.000,10.30511352211014,10.413678957559949,-0.10856543544981,2024
FRA,le-havre,2025-01-03 02:01:30.000,0.0,0.0,0.0,0.0,0.0,2024-12-27 02:01:30.001,14.105274397461624,14.147278434992607,-0.0420040375309849,2025
USA,greenville,2024-12-31 12:46:00.000,2.3,5.0,0.2,2.0,2.0,2024-12-24 12:46:00.000,9.36542268153816,10.870987464591655,-1.5055647830534955,2024
CHE,basel,2024-10-11 06:16:30.000,8.7,28.0,5.9,3.0,20.0,2024-10-04 06:01:30.001,13.467870335768746,13.069294459001304,0.3985758767674419,2024
BEL,ghent,2024-12-03 20:01:30.000,2.3,6.0,2.3,2.0,6.0,2024-11-26 20:01:30.000,9.945840050136862,9.82634362021148,0.1194964299253822,2024
USA,miami,2024-10-26 12:46:00.001,121.2,10.0,8.9,28.0,10.0,2024-10-19 12:46:00.000,11.059070478051872,10.72827661932448,0.3307938587273931,2024
SAU,jeddah,2024-12-16 22:01:30.000,15.6,5.0,1.9,5.0,5.0,2024-12-09 22:01:30.000,10.580004356445995,11.059532820852002,-0.4795284644060071,2024
DEU,hamburg,2024-12-22 17:01:00.000,74.9,19.0,6.7,23.0,20.0,2024-12-15 17:01:00.000,14.84110055928541,14.88038168619232,-0.0392811269069106,2024
ITA,turin,2024-12-14 08:46:30.001,11.7,17.0,1.1,4.0,14.0,2024-12-07 08:46:30.000,14.667620225520649,14.061086366019175,0.6065338595014698,2024
GBR,leeds-bradford,2024-12-13 11:45:49.531,164.1,30.0,27.4,47.0,27.0,2024-12-06 11:46:08.665,15.075517867329722,13.98245214757023,1.0930657197594922,2024
POL,lublin,2024-10-16 02:01:30.000,0.7,0.0,1.2,1.0,0.0,2024-10-09 02:01:30.000,8.991247482873048,9.136609217375696,-0.1453617345026483,2024
DEU,ruhr-region-east,2024-12-07 04:01:30.000,0.0,0.0,0.0,0.0,0.0,2024-11-30 04:01:30.000,8.684156066011374,8.651420179982598,0.0327358860287763,2024
DEU,augsburg,2024-10-24 13:30:21.096,28.6,33.0,3.1,10.0,38.0,2024-10-17 13:45:48.474,13.825607879818536,13.387913709302667,0.4376941705158685,2024
DEU,dresden,2024-11-13 16:00:33.705,168.7,62.0,21.9,37.0,58.0,2024-11-06 16:00:27.652,19.33830527342861,16.198694802913277,3.1396104705153327,2024
USA,miami,2025-01-09 07:01:30.000,0.7,0.0,0.6,1.0,0.0,2025-01-02 07:01:30.000,9.451628350975058,9.378769397173944,0.0728589538011128,2025
PRT,braga,2024-10-30 18:16:30.000,206.4,61.0,33.1,59.0,54.0,2024-10-23 18:01:30.001,17.9845342435562,16.15435251069795,1.83018173285825,2024
AUT,graz,2024-10-11 10:46:00.000,151.1,43.0,17.0,34.0,41.0,2024-10-04 10:46:00.000,16.290652394085424,15.022314718272153,1.268337675813271,2024
BRA,fortaleza,2024-11-03 11:31:30.000,2.4,4.0,0.3,2.0,6.0,2024-10-27 11:46:30.228,16.854926412660063,17.01166331115085,-0.1567368984907879,2024
USA,charlotte,2024-10-10 16:30:55.193,70.7,21.0,19.6,26.0,25.0,2024-10-03 16:45:26.808,11.298621424376664,10.845710187630536,0.4529112367461252,2024
NLD,arnhem,2024-11-06 12:01:30.001,10.4,28.0,0.6,2.0,34.0,2024-10-30 12:01:30.001,12.570587155994872,12.242517794735752,0.3280693612591197,2024
USA,fresno,2024-10-06 09:01:30.000,0.0,0.0,0.0,0.0,0.0,2024-09-29 09:01:30.000,9.470931735096176,9.377597250025945,0.0933344850702333,2024
BEL,ghent,2024-11-07 09:01:30.001,39.2,19.0,5.2,11.0,19.0,2024-10-31 09:46:30.000,10.493435049196782,10.213859970512718,0.2795750786840631,2024
DEU,karlsruhe,2024-11-18 21:01:00.000,0.0,4.0,0.0,0.0,4.0,2024-11-11 21:01:00.001,9.282676630693926,9.17994119170157,0.1027354389923562,2024
USA,honolulu,2024-12-01 10:01:30.000,0.0,0.0,0.0,0.0,0.0,2024-11-24 10:01:30.000,11.477885240107517,11.42195184870377,0.0559333914037463,2024
CAN,hamilton,2024-12-08 05:01:30.001,0.0,5.0,0.0,0.0,4.0,2024-12-01 05:01:30.001,10.520105555339294,10.181560228656153,0.3385453266831408,2024
ESP,vigo,2024-11-12 02:01:30.000,0.0,0.0,0.0,0.0,1.0,2024-11-05 02:01:30.001,12.699457378306228,13.14643032444657,-0.4469729461403418,2024
ITA,catania,2025-01-08 09:46:30.000,121.1,34.0,24.1,31.0,5.0,2025-01-01 09:46:30.000,16.259927987755326,15.88074496038634,0.3791830273689847,2025
GBR,leeds-bradford,2024-10-24 04:16:30.000,1.6,2.0,1.5,1.0,1.0,2024-10-17 04:31:30.000,9.857715527537827,9.34041613298482,0.5172993945530067,2024
LTU,vilnius,2024-12-18 06:01:30.000,617.8,81.0,84.1,174.0,86.0,2024-12-11 06:01:30.000,24.11191115925817,19.48825826543078,4.623652893827391,2024
ITA,ravenna,2024-12-03 17:01:00.000,52.7,63.0,12.1,14.0,54.0,2024-11-26 17:01:30.000,18.25905839883861,15.20591078681623,3.0531476120223857,2024
DEU,bonn,2024-11-18 01:01:30.000,0.0,0.0,0.0,0.0,0.0,2024-11-11 01:01:30.000,10.27847788268846,10.019896089946096,0.2585817927423637,2024
USA,dayton,2024-11-23 15:01:30.000,6.0,5.0,1.3,2.0,7.0,2024-11-16 15:46:30.000,9.443399454797934,9.38040435011009,0.0629951046878432,2024
ITA,naples,2025-01-10 06:46:00.000,264.4,28.0,53.4,74.0,6.0,2025-01-03 06:46:30.000,14.587994170115577,14.022451557130404,0.5655426129851726,2025
FRA,montpellier,2024-10-03 15:45:14.433,516.6,65.0,69.4,121.0,66.0,2024-09-26 15:45:47.199,19.776685189567985,18.392717994357767,1.383967195210218,2024
USA,riverside,2024-10-09 14:46:14.298,852.9,51.0,267.8,214.0,45.0,2024-10-02 14:46:00.000,13.394028038655549,11.585795456215644,1.8082325824399048,2024
FRA,grenoble,2025-01-11 02:01:30.000,0.0,0.0,0.0,0.0,0.0,2025-01-04 02:01:30.000,12.447233763306906,12.24591834582752,0.2013154174793872,2025
USA,baton-rouge,2024-12-24 14:46:00.000,2.3,3.0,0.1,1.0,41.0,2024-12-17 14:00:53.390,10.24405137744098,12.288604211697812,-2.0445528342568338,2024
AUS,adelaide,2024-12-28 16:31:30.001,0.0,0.0,0.0,0.0,1.0,2024-12-21 16:31:30.001,12.378548459531451,12.484979682927744,-0.1064312233962923,2024
ITA,bari,2024-10-19 00:01:30.000,0.0,0.0,0.0,0.0,0.0,2024-10-12 00:01:30.000,11.988372815965043,11.474544117183363,0.513828698781678,2024
USA,knoxville,2024-11-28 01:01:05.600,7.3,6.0,0.5,3.0,8.0,2024-11-21 01:01:00.000,9.375363881177265,9.48206080067311,-0.1066969194958478,2024
EGY,cairo,2024-11-16 08:01:30.001,48.9,0.0,8.5,14.0,0.0,2024-11-09 08:01:30.000,12.098858593386051,12.511009483943916,-0.4121508905578643,2024
DEU,dusseldorf,2024-12-23 06:46:00.000,8.5,9.0,2.9,4.0,33.0,2024-12-16 06:45:44.643,9.7243283684097,11.270285442849824,-1.545957074440123,2024
IRL,cork,2024-11-02 06:01:30.001,0.0,0.0,0.0,0.0,0.0,2024-10-26 06:01:30.000,11.351111208764976,10.935511597455124,0.415599611309851,2024
TWN,tainan,2024-11-09 19:01:30.000,0.0,0.0,0.0,0.0,0.0,2024-11-02 19:01:30.000,15.263435375984873,13.780216025623586,1.483219350361285,2024
BRA,rio-de-janeiro,2024-12-24 12:46:00.001,157.1,13.0,20.8,56.0,60.0,2024-12-17 12:46:10.334,15.787708753752804,20.22466146385097,-4.43695271009817,2024
CHE,geneva,2024-11-09 00:01:30.000,12.5,7.0,0.5,3.0,6.0,2024-11-02 00:01:30.000,18.20301029258537,16.844452454964724,1.3585578376206442,2024
DEU,kassel,2024-11-11 18:16:00.000,36.5,41.0,6.1,7.0,29.0,2024-11-04 18:01:07.469,19.662893095008457,16.34745658263948,3.315436512368976,2024
BRA,sao-paulo,2024-10-22 03:01:00.000,93.4,0.0,9.7,22.0,0.0,2024-10-15 03:01:30.000,15.951847752486085,15.499529429749517,0.4523183227365681,2024
USA,san-diego,2024-12-24 07:01:30.000,10.2,1.0,0.6,4.0,0.0,2024-12-17 07:01:30.001,8.49896544175268,8.344712675001475,0.1542527667512061,2024
IDN,jakarta,2024-11-27 23:46:30.000,2104.8,30.0,292.0,469.0,28.0,2024-11-20 23:46:30.000,18.05454075973248,16.28629656509418,1.7682441946382994,2024
EGY,cairo,2024-10-11 22:01:30.000,57.3,0.0,10.2,22.0,0.0,2024-10-04 22:01:30.000,12.863361549817434,12.996514012458247,-0.1331524626408153,2024
AUS,sydney,2024-12-26 16:01:30.000,13.3,0.0,4.5,5.0,0.0,2024-12-19 16:01:30.000,12.906138276526654,12.522182098819393,0.3839561777072617,2024
FRA,marseille,2024-11-08 22:31:30.001,142.0,26.0,15.6,33.0,4.0,2024-11-01 22:01:00.052,16.96142501508325,14.40825124057022,2.5531737745130307,2024
USA,denver,2024-10-04 15:01:00.000,178.5,21.0,34.1,62.0,21.0,2024-09-27 15:01:00.000,11.914046548195836,11.31969637320514,0.5943501749906961,2024
DEU,berlin,2024-12-08 08:46:00.001,19.2,5.0,1.2,6.0,6.0,2024-12-01 08:46:00.000,13.6840060067404,13.380614018193372,0.3033919885470251,2024
TWN,taoyuan,2024-10-29 12:01:00.000,34.0,28.0,5.9,12.0,25.0,2024-10-22 12:01:08.208,17.0063531029151,16.113927950352693,0.8924251525624065,2024
USA,colorado-springs,2024-12-18 23:31:00.000,84.4,28.0,22.1,26.0,36.0,2024-12-11 23:31:00.000,14.316460579380806,14.033118164571311,0.2833424148094927,2024
URY,montevideo,2024-10-30 08:01:30.000,0.0,0.0,0.0,0.0,0.0,2024-10-23 08:01:30.000,14.449144342904043,14.85215132241265,-0.4030069795086071,2024
FRA,grenoble,2024-11-15 14:45:58.452,134.0,51.0,30.3,35.0,42.0,2024-11-08 14:45:44.075,18.10535342015533,16.268567314197576,1.83678610595776,2024
ESP,las-palmas,2024-10-30 18:31:00.000,57.7,42.0,10.5,21.0,21.0,2024-10-23 18:01:30.000,16.786244413149586,14.497581182077475,2.2886632310721087,2024
ESP,pamplona,2024-12-10 06:46:00.000,9.1,16.0,1.9,3.0,3.0,2024-12-03 06:46:00.000,13.30592760941562,12.83279878489796,0.4731288245176603,2024
ITA,ravenna,2024-11-14 22:01:30.000,0.0,0.0,0.0,0.0,0.0,2024-11-07 22:01:30.001,11.316880824073891,11.566680233272288,-0.2497994091983972,2024
FRA,strasbourg,2024-10-28 20:01:00.000,6.6,10.0,0.4,2.0,8.0,2024-10-21 20:01:30.000,15.967988943405327,15.912222807041289,0.055766136364042,2024
ESP,barcelona,2024-12-07 22:01:30.000,9.6,10.0,1.2,3.0,12.0,2024-11-30 22:01:30.000,18.84973949690689,18.49333220946197,0.3564072874449202,2024
AUT,salzburg,2024-12-06 11:31:00.001,84.8,41.0,11.2,29.0,48.0,2024-11-29 11:46:00.000,14.95020193554666,13.962395569589932,0.9878063659567252,2024
DEU,kassel,2024-12-26 19:01:00.000,0.0,9.0,0.0,0.0,21.0,2024-12-19 19:01:00.000,15.46472771081648,15.236747280963492,0.2279804298529892,2024
SAU,riyadh,2024-12-10 19:01:00.000,1115.0,40.0,207.9,311.0,32.0,2024-12-03 19:01:00.000,14.829026310169526,13.57638457396309,1.2526417362064368,2024
USA,nashville,2024-11-10 23:31:11.634,88.4,27.0,29.3,29.0,28.0,2024-11-03 23:00:54.318,12.083404491170516,10.614358553670977,1.4690459374995388,2024
USA,rochester,2024-12-02 22:30:37.883,40.7,28.0,17.8,12.0,27.0,2024-11-25 22:30:58.340,12.423414904931256,11.390539512704407,1.032875392226849,2024
USA,new-haven,2024-12-20 23:00:38.400,19.8,33.0,10.6,7.0,41.0,2024-12-13 23:00:41.345,13.239705037320356,12.94426912940246,0.2954359079178985,2024
ESP,cartagena,2024-12-11 06:46:00.000,0.0,11.0,0.0,0.0,9.0,2024-12-04 06:46:00.001,11.891749789337942,11.662476889774869,0.2292728995630746,2024
DEU,wiesbaden,2024-10-08 14:45:44.750,74.1,47.0,12.6,24.0,47.0,2024-10-01 14:45:37.730,17.164779077217137,16.19144143699045,0.9733376402266884,2024
SWE,malmo,2024-12-13 05:01:30.000,0.0,0.0,0.0,0.0,3.0,2024-12-06 05:46:30.000,9.378793406371589,9.303276775181915,0.0755166311896715,2024
PER,lima,2024-12-17 21:46:30.000,1869.9,54.0,212.3,400.0,51.0,2024-12-10 21:46:30.000,31.28222493386158,28.39137780340323,2.8908471304583507,2024
DNK,odense,2024-11-04 19:01:30.001,0.0,6.0,0.0,0.0,7.0,2024-10-28 19:01:30.000,11.42846581356231,11.380248595018683,0.0482172185436269,2024
SAU,riyadh,2024-10-20 23:01:30.000,86.9,3.0,14.1,23.0,3.0,2024-10-13 23:01:30.001,10.071635602573794,10.594245269296422,-0.5226096667226283,2024
TUR,antalya,2024-10-31 03:46:30.000,1.1,9.0,0.0,1.0,8.0,2024-10-24 03:46:30.001,15.70659948125332,14.60437040708494,1.1022290741683776,2024
AUT,vienna,2024-11-08 03:01:30.000,4.6,0.0,0.3,2.0,2.0,2024-11-01 03:01:30.000,14.29479691598556,13.816288624885548,0.4785082911000113,2024
USA,louisville,2024-11-29 03:01:30.000,2.6,0.0,0.3,1.0,5.0,2024-11-22 03:16:30.001,8.478092388200478,8.635385649571958,-0.1572932613714801,2024
ESP,murcia,2024-12-27 08:01:30.000,0.0,8.0,0.0,0.0,26.0,2024-12-20 08:01:00.000,13.135089622655029,14.86714455215261,-1.7320549294975829,2024
BEL,kortrijk,2025-01-07 13:31:30.000,6.7,18.0,0.8,2.0,12.0,2024-12-31 13:31:30.000,10.737202717362123,10.535127585818811,0.202075131543312,2025
USA,albany,2024-11-08 20:30:06.915,71.8,23.0,13.8,23.0,26.0,2024-11-01 20:30:44.746,11.61617287485047,11.149213579378818,0.4669592954716517,2024
ESP,granada,2024-12-03 03:01:30.000,0.0,0.0,0.0,0.0,0.0,2024-11-26 03:01:30.001,14.23597150047746,13.850925100570922,0.3850463999065372,2024
CAN,kitchener-waterloo,2024-11-03 03:01:30.000,7.2,7.0,1.0,2.0,9.0,2024-10-27 03:01:30.000,12.993626836291124,12.551692816057168,0.4419340202339565,2024
DNK,copenhagen,2024-11-25 00:01:30.000,0.0,0.0,0.0,0.0,0.0,2024-11-18 00:01:30.000,11.727931687137383,11.761187552974526,-0.0332558658371411,2024
FIN,turku,2024-11-05 05:46:30.000,16.0,23.0,4.2,5.0,22.0,2024-10-29 05:46:30.000,14.30399845577975,13.867108951051438,0.4368895047283114,2024
ITA,parma,2024-12-15 03:01:30.001,0.0,0.0,0.0,0.0,1.0,2024-12-08 03:16:30.000,10.63057875575545,10.409740186379455,0.2208385693759922,2024
USA,oklahoma-city,2024-10-15 07:01:30.000,0.0,0.0,0.0,0.0,0.0,2024-10-08 07:01:30.001,7.823562921186475,8.075199913896022,-0.251636992709547,2024
USA,san-jose,2024-12-19 21:31:30.304,233.4,32.0,45.1,73.0,26.0,2024-12-12 21:46:30.000,13.850243363203738,12.599444049739256,1.2507993134644837,2024
ARE,ras-al-khaimah,2024-10-27 05:31:30.001,0.0,9.0,0.0,0.0,8.0,2024-10-20 05:31:30.000,10.545095491473518,10.42841699346232,0.1166784980111987,2024
ESP,alicante,2024-12-08 12:31:00.000,0.0,13.0,0.0,0.0,15.0,2024-12-01 12:46:00.000,14.83582143537794,14.529953334192642,0.3058681011852986,2024
USA,miami,2024-11-12 13:31:05.974,4427.6,69.0,829.4,1009.0,56.0,2024-11-05 13:30:54.406,18.46653890685068,15.64303014080527,2.8235087660454035,2024
FRA,toulouse,2025-01-01 04:01:30.000,1.1,2.0,0.2,1.0,0.0,2024-12-25 04:01:30.000,12.386099841859965,11.59069007693829,0.795409764921672,2025
DEU,frankfurt-am-main,2024-11-05 13:45:32.979,93.6,32.0,9.2,25.0,32.0,2024-10-29 13:45:38.757,14.89735137836769,13.896252751935124,1.001098626432567,2024
TUR,mersin,2024-10-25 18:01:00.000,7.7,17.0,0.8,1.0,22.0,2024-10-18 18:01:30.001,14.781026710015537,14.197236122868128,0.5837905871474085,2024
URY,montevideo,2024-10-23 03:01:30.000,3.2,0.0,0.3,1.0,0.0,2024-10-16 03:01:30.000,16.68258743979139,16.71346953918005,-0.0308820993886591,2024
ESP,san-sebastian,2025-01-12 21:01:30.000,0.0,0.0,0.0,0.0,2.0,2025-01-05 21:01:30.000,10.6610528399645,11.08183918160865,-0.4207863416441508,2025
BEL,bruges,2025-01-11 09:46:30.000,5.6,18.0,1.9,2.0,13.0,2025-01-04 09:46:30.000,11.157263357032312,11.236610666332652,-0.0793473093003385,2025
KWT,kuwait-city,2024-12-22 07:01:30.000,197.7,13.0,33.2,68.0,15.0,2024-12-15 07:46:30.000,10.542298307740124,10.7465828635949,-0.204284555854775,2024
USA,chicago,2025-01-01 14:01:30.000,16.0,0.0,2.4,7.0,0.0,2024-12-25 14:01:30.000,9.84914451462432,9.88286588499469,-0.0337213703703689,2025
USA,new-orleans,2025-01-05 09:01:30.001,0.0,1.0,0.0,0.0,0.0,2024-12-29 09:01:30.001,10.60472918740924,10.266181628248482,0.3385475591607587,2025
ITA,turin,2025-01-04 09:46:00.000,10.4,15.0,1.3,4.0,16.0,2024-12-28 09:46:30.000,13.50856391207682,13.87017218865129,-0.3616082765744703,2025
TUR,izmir,2024-11-22 14:46:06.254,1086.9,76.0,162.8,244.0,98.0,2024-11-15 14:46:18.347,22.70394072809232,20.12418962791076,2.5797511001815643,2024
NLD,almere,2024-10-09 05:46:30.001,3.4,4.0,0.2,1.0,3.0,2024-10-02 05:46:30.001,8.868329281520793,9.163544012025554,-0.2952147305047603,2024
DEU,wuppertal,2024-11-21 22:01:30.000,0.0,4.0,0.0,0.0,3.0,2024-11-14 22:01:00.000,9.11265726718248,8.803038979474575,0.3096182877079059,2024
FRA,strasbourg,2024-10-28 03:01:30.001,0.0,0.0,0.0,0.0,0.0,2024-10-21 03:01:30.000,13.652948885941228,13.301010641238326,0.351938244702902,2024
ZAF,pretoria,2024-10-14 12:16:30.001,180.2,23.0,21.5,60.0,25.0,2024-10-07 12:31:30.000,14.228126536370198,13.744271199276612,0.4838553370935852,2024
BEL,mons,2024-10-11 11:01:30.000,0.0,18.0,0.0,0.0,16.0,2024-10-04 11:01:30.001,10.84756908623256,10.588636544544968,0.258932541687594,2024
DEU,karlsruhe,2024-11-21 06:45:29.697,55.4,27.0,13.0,15.0,39.0,2024-11-14 06:59:58.514,11.580336856595409,10.871373886413824,0.7089629701815863,2024
AUS,canberra,2024-11-03 09:01:00.000,11.6,7.0,0.7,3.0,7.0,2024-10-27 09:01:30.000,11.882978413234389,11.810875234731736,0.0721031785026529,2024
NLD,rotterdam,2024-11-11 09:01:30.000,22.6,22.0,8.0,8.0,18.0,2024-11-04 09:01:30.001,11.641702908540683,10.96438683722942,0.6773160713112638,2024
TUR,istanbul,2025-01-13 03:46:30.000,272.7,17.0,103.9,56.0,10.0,2025-01-06 03:46:30.000,15.506116447217872,13.477126525244866,2.0289899219730057,2025
DEU,kiel,2024-12-22 03:01:30.000,0.0,0.0,0.0,0.0,0.0,2024-12-15 03:01:30.000,11.862241575084925,11.685903341004952,0.1763382340799708,2024
POL,warsaw,2025-01-08 12:46:30.000,124.9,33.0,29.0,43.0,5.0,2025-01-01 12:31:30.001,17.083768362745925,16.50804463662818,0.5757237261177437,2025
LTU,vilnius,2024-11-10 03:01:30.000,0.0,0.0,0.0,0.0,0.0,2024-11-03 03:01:30.000,13.037750736906098,12.850800775048722,0.1869499618573762,2024
USA,jacksonville,2024-11-16 23:00:51.755,101.7,16.0,9.0,23.0,18.0,2024-11-09 23:31:09.302,10.75399528051353,10.263595138498376,0.4904001420151544,2024
GRC,thessaloniki,2025-01-02 18:01:30.001,21.8,23.0,2.0,7.0,24.0,2024-12-26 18:01:30.000,16.16604320204066,16.458103115976424,-0.2920599139357627,2025
